"scenario","year","variable","value","units","parameter_value"
"Ref_20",1850,"Tgav",0.0900066675861855,"degC","ECS_1.5"
"Ref_20",1851,"Tgav",0.0921759797209684,"degC","ECS_1.5"
"Ref_20",1852,"Tgav",0.0958857956273617,"degC","ECS_1.5"
"Ref_20",1853,"Tgav",0.100456703751796,"degC","ECS_1.5"
"Ref_20",1854,"Tgav",0.104984395333664,"degC","ECS_1.5"
"Ref_20",1855,"Tgav",0.0979239834292561,"degC","ECS_1.5"
"Ref_20",1856,"Tgav",0.0557208242191084,"degC","ECS_1.5"
"Ref_20",1857,"Tgav",0.00659373998853458,"degC","ECS_1.5"
"Ref_20",1858,"Tgav",0.00052597378383886,"degC","ECS_1.5"
"Ref_20",1859,"Tgav",0.0245001883535656,"degC","ECS_1.5"
"Ref_20",1860,"Tgav",0.0501919728369013,"degC","ECS_1.5"
"Ref_20",1861,"Tgav",0.0655766221399945,"degC","ECS_1.5"
"Ref_20",1862,"Tgav",0.0685257676547114,"degC","ECS_1.5"
"Ref_20",1863,"Tgav",0.071683325266232,"degC","ECS_1.5"
"Ref_20",1864,"Tgav",0.0813323582516665,"degC","ECS_1.5"
"Ref_20",1865,"Tgav",0.0923187757201734,"degC","ECS_1.5"
"Ref_20",1866,"Tgav",0.101721911373132,"degC","ECS_1.5"
"Ref_20",1867,"Tgav",0.109228487767291,"degC","ECS_1.5"
"Ref_20",1868,"Tgav",0.114910664593279,"degC","ECS_1.5"
"Ref_20",1869,"Tgav",0.118566675705143,"degC","ECS_1.5"
"Ref_20",1870,"Tgav",0.121210670649381,"degC","ECS_1.5"
"Ref_20",1871,"Tgav",0.123677402341035,"degC","ECS_1.5"
"Ref_20",1872,"Tgav",0.124994136914156,"degC","ECS_1.5"
"Ref_20",1873,"Tgav",0.125457286947657,"degC","ECS_1.5"
"Ref_20",1874,"Tgav",0.127211208426508,"degC","ECS_1.5"
"Ref_20",1875,"Tgav",0.128623074965531,"degC","ECS_1.5"
"Ref_20",1876,"Tgav",0.126929604909907,"degC","ECS_1.5"
"Ref_20",1877,"Tgav",0.126182846612738,"degC","ECS_1.5"
"Ref_20",1878,"Tgav",0.129214757636656,"degC","ECS_1.5"
"Ref_20",1879,"Tgav",0.133906800321743,"degC","ECS_1.5"
"Ref_20",1880,"Tgav",0.138967995605418,"degC","ECS_1.5"
"Ref_20",1881,"Tgav",0.143842529637279,"degC","ECS_1.5"
"Ref_20",1882,"Tgav",0.13880893732879,"degC","ECS_1.5"
"Ref_20",1883,"Tgav",0.060483959505331,"degC","ECS_1.5"
"Ref_20",1884,"Tgav",-0.0531922952891011,"degC","ECS_1.5"
"Ref_20",1885,"Tgav",-0.078874209970537,"degC","ECS_1.5"
"Ref_20",1886,"Tgav",-0.0526414559611448,"degC","ECS_1.5"
"Ref_20",1887,"Tgav",-0.0258681503216975,"degC","ECS_1.5"
"Ref_20",1888,"Tgav",-0.000872313510807313,"degC","ECS_1.5"
"Ref_20",1889,"Tgav",0.0096061665546487,"degC","ECS_1.5"
"Ref_20",1890,"Tgav",0.0118732958238203,"degC","ECS_1.5"
"Ref_20",1891,"Tgav",0.0197276160285685,"degC","ECS_1.5"
"Ref_20",1892,"Tgav",0.0403445119812705,"degC","ECS_1.5"
"Ref_20",1893,"Tgav",0.0672834522427925,"degC","ECS_1.5"
"Ref_20",1894,"Tgav",0.0950838310818438,"degC","ECS_1.5"
"Ref_20",1895,"Tgav",0.113941527652528,"degC","ECS_1.5"
"Ref_20",1896,"Tgav",0.115541990983176,"degC","ECS_1.5"
"Ref_20",1897,"Tgav",0.111116819794326,"degC","ECS_1.5"
"Ref_20",1898,"Tgav",0.118334567586914,"degC","ECS_1.5"
"Ref_20",1899,"Tgav",0.134287171022784,"degC","ECS_1.5"
"Ref_20",1900,"Tgav",0.150509723772321,"degC","ECS_1.5"
"Ref_20",1901,"Tgav",0.161694499227575,"degC","ECS_1.5"
"Ref_20",1902,"Tgav",0.133273152211946,"degC","ECS_1.5"
"Ref_20",1903,"Tgav",0.0823532034440096,"degC","ECS_1.5"
"Ref_20",1904,"Tgav",0.0743524577046096,"degC","ECS_1.5"
"Ref_20",1905,"Tgav",0.101062646866396,"degC","ECS_1.5"
"Ref_20",1906,"Tgav",0.127693266310458,"degC","ECS_1.5"
"Ref_20",1907,"Tgav",0.143448734595531,"degC","ECS_1.5"
"Ref_20",1908,"Tgav",0.155559433512317,"degC","ECS_1.5"
"Ref_20",1909,"Tgav",0.17045525633103,"degC","ECS_1.5"
"Ref_20",1910,"Tgav",0.184844503727422,"degC","ECS_1.5"
"Ref_20",1911,"Tgav",0.196405370670731,"degC","ECS_1.5"
"Ref_20",1912,"Tgav",0.18540632127461,"degC","ECS_1.5"
"Ref_20",1913,"Tgav",0.170239789113611,"degC","ECS_1.5"
"Ref_20",1914,"Tgav",0.179490819894702,"degC","ECS_1.5"
"Ref_20",1915,"Tgav",0.196175119367887,"degC","ECS_1.5"
"Ref_20",1916,"Tgav",0.210495725404891,"degC","ECS_1.5"
"Ref_20",1917,"Tgav",0.221677854674087,"degC","ECS_1.5"
"Ref_20",1918,"Tgav",0.23086238698272,"degC","ECS_1.5"
"Ref_20",1919,"Tgav",0.237805792788498,"degC","ECS_1.5"
"Ref_20",1920,"Tgav",0.236863777093345,"degC","ECS_1.5"
"Ref_20",1921,"Tgav",0.235950524971953,"degC","ECS_1.5"
"Ref_20",1922,"Tgav",0.243608531348522,"degC","ECS_1.5"
"Ref_20",1923,"Tgav",0.251629217686657,"degC","ECS_1.5"
"Ref_20",1924,"Tgav",0.25672520649014,"degC","ECS_1.5"
"Ref_20",1925,"Tgav",0.261035393221289,"degC","ECS_1.5"
"Ref_20",1926,"Tgav",0.265599847132537,"degC","ECS_1.5"
"Ref_20",1927,"Tgav",0.26950628572275,"degC","ECS_1.5"
"Ref_20",1928,"Tgav",0.269036878632217,"degC","ECS_1.5"
"Ref_20",1929,"Tgav",0.265564791694532,"degC","ECS_1.5"
"Ref_20",1930,"Tgav",0.266423142379127,"degC","ECS_1.5"
"Ref_20",1931,"Tgav",0.270290419407632,"degC","ECS_1.5"
"Ref_20",1932,"Tgav",0.271234608812677,"degC","ECS_1.5"
"Ref_20",1933,"Tgav",0.273328200519673,"degC","ECS_1.5"
"Ref_20",1934,"Tgav",0.278764104059238,"degC","ECS_1.5"
"Ref_20",1935,"Tgav",0.2838695521979,"degC","ECS_1.5"
"Ref_20",1936,"Tgav",0.289020194258923,"degC","ECS_1.5"
"Ref_20",1937,"Tgav",0.293283993584647,"degC","ECS_1.5"
"Ref_20",1938,"Tgav",0.295785581377149,"degC","ECS_1.5"
"Ref_20",1939,"Tgav",0.298502776864221,"degC","ECS_1.5"
"Ref_20",1940,"Tgav",0.30300097784171,"degC","ECS_1.5"
"Ref_20",1941,"Tgav",0.308048221884114,"degC","ECS_1.5"
"Ref_20",1942,"Tgav",0.310880260187286,"degC","ECS_1.5"
"Ref_20",1943,"Tgav",0.313576867696245,"degC","ECS_1.5"
"Ref_20",1944,"Tgav",0.31863590163584,"degC","ECS_1.5"
"Ref_20",1945,"Tgav",0.324284491341601,"degC","ECS_1.5"
"Ref_20",1946,"Tgav",0.329886315238485,"degC","ECS_1.5"
"Ref_20",1947,"Tgav",0.334189671579881,"degC","ECS_1.5"
"Ref_20",1948,"Tgav",0.338264648481799,"degC","ECS_1.5"
"Ref_20",1949,"Tgav",0.341874772520653,"degC","ECS_1.5"
"Ref_20",1950,"Tgav",0.345585595633056,"degC","ECS_1.5"
"Ref_20",1951,"Tgav",0.350162577595519,"degC","ECS_1.5"
"Ref_20",1952,"Tgav",0.354737552320158,"degC","ECS_1.5"
"Ref_20",1953,"Tgav",0.359210430405177,"degC","ECS_1.5"
"Ref_20",1954,"Tgav",0.364846550512624,"degC","ECS_1.5"
"Ref_20",1955,"Tgav",0.372776038102436,"degC","ECS_1.5"
"Ref_20",1956,"Tgav",0.381542257957942,"degC","ECS_1.5"
"Ref_20",1957,"Tgav",0.390811772606749,"degC","ECS_1.5"
"Ref_20",1958,"Tgav",0.400142728552491,"degC","ECS_1.5"
"Ref_20",1959,"Tgav",0.408886045683066,"degC","ECS_1.5"
"Ref_20",1960,"Tgav",0.411392629590386,"degC","ECS_1.5"
"Ref_20",1961,"Tgav",0.408363379831931,"degC","ECS_1.5"
"Ref_20",1962,"Tgav",0.403115931610603,"degC","ECS_1.5"
"Ref_20",1963,"Tgav",0.362662457292084,"degC","ECS_1.5"
"Ref_20",1964,"Tgav",0.308117655172625,"degC","ECS_1.5"
"Ref_20",1965,"Tgav",0.301210787690901,"degC","ECS_1.5"
"Ref_20",1966,"Tgav",0.33185250650904,"degC","ECS_1.5"
"Ref_20",1967,"Tgav",0.364983585481354,"degC","ECS_1.5"
"Ref_20",1968,"Tgav",0.372071756840975,"degC","ECS_1.5"
"Ref_20",1969,"Tgav",0.372328905497283,"degC","ECS_1.5"
"Ref_20",1970,"Tgav",0.395664049718822,"degC","ECS_1.5"
"Ref_20",1971,"Tgav",0.429700124807986,"degC","ECS_1.5"
"Ref_20",1972,"Tgav",0.459420981882659,"degC","ECS_1.5"
"Ref_20",1973,"Tgav",0.47917562358026,"degC","ECS_1.5"
"Ref_20",1974,"Tgav",0.484441377014124,"degC","ECS_1.5"
"Ref_20",1975,"Tgav",0.484147412650054,"degC","ECS_1.5"
"Ref_20",1976,"Tgav",0.498997181051521,"degC","ECS_1.5"
"Ref_20",1977,"Tgav",0.526534284339918,"degC","ECS_1.5"
"Ref_20",1978,"Tgav",0.547523979811222,"degC","ECS_1.5"
"Ref_20",1979,"Tgav",0.56464290801574,"degC","ECS_1.5"
"Ref_20",1980,"Tgav",0.585469679244769,"degC","ECS_1.5"
"Ref_20",1981,"Tgav",0.598091004715972,"degC","ECS_1.5"
"Ref_20",1982,"Tgav",0.554831694940574,"degC","ECS_1.5"
"Ref_20",1983,"Tgav",0.505399287953052,"degC","ECS_1.5"
"Ref_20",1984,"Tgav",0.523170155777754,"degC","ECS_1.5"
"Ref_20",1985,"Tgav",0.564615018927346,"degC","ECS_1.5"
"Ref_20",1986,"Tgav",0.599619895527883,"degC","ECS_1.5"
"Ref_20",1987,"Tgav",0.628193979964295,"degC","ECS_1.5"
"Ref_20",1988,"Tgav",0.654223836749495,"degC","ECS_1.5"
"Ref_20",1989,"Tgav",0.677740177107204,"degC","ECS_1.5"
"Ref_20",1990,"Tgav",0.694900817927053,"degC","ECS_1.5"
"Ref_20",1991,"Tgav",0.631731192903844,"degC","ECS_1.5"
"Ref_20",1992,"Tgav",0.54349928701498,"degC","ECS_1.5"
"Ref_20",1993,"Tgav",0.548071532301208,"degC","ECS_1.5"
"Ref_20",1994,"Tgav",0.602165743449553,"degC","ECS_1.5"
"Ref_20",1995,"Tgav",0.655306255497302,"degC","ECS_1.5"
"Ref_20",1996,"Tgav",0.696957324174925,"degC","ECS_1.5"
"Ref_20",1997,"Tgav",0.732455658789233,"degC","ECS_1.5"
"Ref_20",1998,"Tgav",0.76122088694065,"degC","ECS_1.5"
"Ref_20",1999,"Tgav",0.784487203533534,"degC","ECS_1.5"
"Ref_20",2000,"Tgav",0.804229631449836,"degC","ECS_1.5"
"Ref_20",2001,"Tgav",0.822105466452813,"degC","ECS_1.5"
"Ref_20",2002,"Tgav",0.839300783229017,"degC","ECS_1.5"
"Ref_20",2003,"Tgav",0.854970252465051,"degC","ECS_1.5"
"Ref_20",2004,"Tgav",0.870657845723364,"degC","ECS_1.5"
"Ref_20",2005,"Tgav",0.8826168408432,"degC","ECS_1.5"
"Ref_20",2006,"Tgav",0.885311829988187,"degC","ECS_1.5"
"Ref_20",2007,"Tgav",0.885829251647409,"degC","ECS_1.5"
"Ref_20",2008,"Tgav",0.890734813583682,"degC","ECS_1.5"
"Ref_20",2009,"Tgav",0.898525838837657,"degC","ECS_1.5"
"Ref_20",2010,"Tgav",0.908019156588623,"degC","ECS_1.5"
"Ref_20",2011,"Tgav",0.918258580648333,"degC","ECS_1.5"
"Ref_20",2012,"Tgav",0.928521611247153,"degC","ECS_1.5"
"Ref_20",2013,"Tgav",0.938416102858361,"degC","ECS_1.5"
"Ref_20",2014,"Tgav",0.948162327360278,"degC","ECS_1.5"
"Ref_20",2015,"Tgav",0.957942332576017,"degC","ECS_1.5"
"Ref_20",2016,"Tgav",0.967922808855984,"degC","ECS_1.5"
"Ref_20",2017,"Tgav",0.978248755931886,"degC","ECS_1.5"
"Ref_20",2018,"Tgav",0.989000275225169,"degC","ECS_1.5"
"Ref_20",2019,"Tgav",1.00015715830232,"degC","ECS_1.5"
"Ref_20",2020,"Tgav",1.01170681481579,"degC","ECS_1.5"
"Ref_20",2021,"Tgav",1.023802689871,"degC","ECS_1.5"
"Ref_20",2022,"Tgav",1.03639159220032,"degC","ECS_1.5"
"Ref_20",2023,"Tgav",1.04943120202203,"degC","ECS_1.5"
"Ref_20",2024,"Tgav",1.06290957573852,"degC","ECS_1.5"
"Ref_20",2025,"Tgav",1.07681497116381,"degC","ECS_1.5"
"Ref_20",2026,"Tgav",1.09114623948207,"degC","ECS_1.5"
"Ref_20",2027,"Tgav",1.10589558164591,"degC","ECS_1.5"
"Ref_20",2028,"Tgav",1.12102753924518,"degC","ECS_1.5"
"Ref_20",2029,"Tgav",1.13650240632987,"degC","ECS_1.5"
"Ref_20",2030,"Tgav",1.1522907545675,"degC","ECS_1.5"
"Ref_20",2031,"Tgav",1.1683823158633,"degC","ECS_1.5"
"Ref_20",2032,"Tgav",1.18478086370752,"degC","ECS_1.5"
"Ref_20",2033,"Tgav",1.20148248893939,"degC","ECS_1.5"
"Ref_20",2034,"Tgav",1.21843295375191,"degC","ECS_1.5"
"Ref_20",2035,"Tgav",1.23559389424071,"degC","ECS_1.5"
"Ref_20",2036,"Tgav",1.25294547500285,"degC","ECS_1.5"
"Ref_20",2037,"Tgav",1.27043470997961,"degC","ECS_1.5"
"Ref_20",2038,"Tgav",1.28802664440392,"degC","ECS_1.5"
"Ref_20",2039,"Tgav",1.30571155234972,"degC","ECS_1.5"
"Ref_20",2040,"Tgav",1.32348196886675,"degC","ECS_1.5"
"Ref_20",2041,"Tgav",1.3413536676821,"degC","ECS_1.5"
"Ref_20",2042,"Tgav",1.35928146083798,"degC","ECS_1.5"
"Ref_20",2043,"Tgav",1.37723576644882,"degC","ECS_1.5"
"Ref_20",2044,"Tgav",1.39523122002431,"degC","ECS_1.5"
"Ref_20",2045,"Tgav",1.41327627977005,"degC","ECS_1.5"
"Ref_20",2046,"Tgav",1.43136758072215,"degC","ECS_1.5"
"Ref_20",2047,"Tgav",1.44949238556327,"degC","ECS_1.5"
"Ref_20",2048,"Tgav",1.46764265338922,"degC","ECS_1.5"
"Ref_20",2049,"Tgav",1.48583736114992,"degC","ECS_1.5"
"Ref_20",2050,"Tgav",1.50408782065796,"degC","ECS_1.5"
"Ref_20",2051,"Tgav",1.52241906175147,"degC","ECS_1.5"
"Ref_20",2052,"Tgav",1.54075067320049,"degC","ECS_1.5"
"Ref_20",2053,"Tgav",1.55903280885157,"degC","ECS_1.5"
"Ref_20",2054,"Tgav",1.57728073812991,"degC","ECS_1.5"
"Ref_20",2055,"Tgav",1.5955059166027,"degC","ECS_1.5"
"Ref_20",2056,"Tgav",1.61368545398768,"degC","ECS_1.5"
"Ref_20",2057,"Tgav",1.63181509270847,"degC","ECS_1.5"
"Ref_20",2058,"Tgav",1.64989498233687,"degC","ECS_1.5"
"Ref_20",2059,"Tgav",1.66793392655923,"degC","ECS_1.5"
"Ref_20",2060,"Tgav",1.68593901729007,"degC","ECS_1.5"
"Ref_20",2061,"Tgav",1.70394332432265,"degC","ECS_1.5"
"Ref_20",2062,"Tgav",1.72193860902087,"degC","ECS_1.5"
"Ref_20",2063,"Tgav",1.7399192676945,"degC","ECS_1.5"
"Ref_20",2064,"Tgav",1.75789377838636,"degC","ECS_1.5"
"Ref_20",2065,"Tgav",1.77586833085347,"degC","ECS_1.5"
"Ref_20",2066,"Tgav",1.79384594998687,"degC","ECS_1.5"
"Ref_20",2067,"Tgav",1.81182968976656,"degC","ECS_1.5"
"Ref_20",2068,"Tgav",1.82982182196048,"degC","ECS_1.5"
"Ref_20",2069,"Tgav",1.84782270122395,"degC","ECS_1.5"
"Ref_20",2070,"Tgav",1.86583286145124,"degC","ECS_1.5"
"Ref_20",2071,"Tgav",1.88384876848954,"degC","ECS_1.5"
"Ref_20",2072,"Tgav",1.90186724365086,"degC","ECS_1.5"
"Ref_20",2073,"Tgav",1.91988662562051,"degC","ECS_1.5"
"Ref_20",2074,"Tgav",1.93790488354721,"degC","ECS_1.5"
"Ref_20",2075,"Tgav",1.95592129236408,"degC","ECS_1.5"
"Ref_20",2076,"Tgav",1.97395053214528,"degC","ECS_1.5"
"Ref_20",2077,"Tgav",1.99199143982762,"degC","ECS_1.5"
"Ref_20",2078,"Tgav",2.01004235308356,"degC","ECS_1.5"
"Ref_20",2079,"Tgav",2.0281004399147,"degC","ECS_1.5"
"Ref_20",2080,"Tgav",2.04616418446533,"degC","ECS_1.5"
"Ref_20",2081,"Tgav",2.06421560887305,"degC","ECS_1.5"
"Ref_20",2082,"Tgav",2.082237345414,"degC","ECS_1.5"
"Ref_20",2083,"Tgav",2.10021992552628,"degC","ECS_1.5"
"Ref_20",2084,"Tgav",2.11816047562485,"degC","ECS_1.5"
"Ref_20",2085,"Tgav",2.1360581117189,"degC","ECS_1.5"
"Ref_20",2086,"Tgav",2.15392649177836,"degC","ECS_1.5"
"Ref_20",2087,"Tgav",2.17176636067594,"degC","ECS_1.5"
"Ref_20",2088,"Tgav",2.18957876895305,"degC","ECS_1.5"
"Ref_20",2089,"Tgav",2.207363971749,"degC","ECS_1.5"
"Ref_20",2090,"Tgav",2.22512258122341,"degC","ECS_1.5"
"Ref_20",2091,"Tgav",2.24278077931002,"degC","ECS_1.5"
"Ref_20",2092,"Tgav",2.2603415028384,"degC","ECS_1.5"
"Ref_20",2093,"Tgav",2.27781128928042,"degC","ECS_1.5"
"Ref_20",2094,"Tgav",2.29519367834528,"degC","ECS_1.5"
"Ref_20",2095,"Tgav",2.3124919097427,"degC","ECS_1.5"
"Ref_20",2096,"Tgav",2.32989867495358,"degC","ECS_1.5"
"Ref_20",2097,"Tgav",2.34741037527846,"degC","ECS_1.5"
"Ref_20",2098,"Tgav",2.36501561352905,"degC","ECS_1.5"
"Ref_20",2099,"Tgav",2.38270799895578,"degC","ECS_1.5"
"Ref_20",2100,"Tgav",2.4004832694758,"degC","ECS_1.5"
"Ref_20",1850,"Tgav",0.102469583932049,"degC","ECS_2"
"Ref_20",1851,"Tgav",0.10585439009444,"degC","ECS_2"
"Ref_20",1852,"Tgav",0.110725406629004,"degC","ECS_2"
"Ref_20",1853,"Tgav",0.116504868576612,"degC","ECS_2"
"Ref_20",1854,"Tgav",0.122277403412344,"degC","ECS_2"
"Ref_20",1855,"Tgav",0.116209837838103,"degC","ECS_2"
"Ref_20",1856,"Tgav",0.0733901580830176,"degC","ECS_2"
"Ref_20",1857,"Tgav",0.0206532259668811,"degC","ECS_2"
"Ref_20",1858,"Tgav",0.0103538406737103,"degC","ECS_2"
"Ref_20",1859,"Tgav",0.0328716889547634,"degC","ECS_2"
"Ref_20",1860,"Tgav",0.059549957946139,"degC","ECS_2"
"Ref_20",1861,"Tgav",0.0767412296513093,"degC","ECS_2"
"Ref_20",1862,"Tgav",0.0812276479960167,"degC","ECS_2"
"Ref_20",1863,"Tgav",0.0853319867155542,"degC","ECS_2"
"Ref_20",1864,"Tgav",0.0960177864926333,"degC","ECS_2"
"Ref_20",1865,"Tgav",0.108490704102096,"degC","ECS_2"
"Ref_20",1866,"Tgav",0.119569394158062,"degC","ECS_2"
"Ref_20",1867,"Tgav",0.128740728860194,"degC","ECS_2"
"Ref_20",1868,"Tgav",0.135989575790566,"degC","ECS_2"
"Ref_20",1869,"Tgav",0.141054806497506,"degC","ECS_2"
"Ref_20",1870,"Tgav",0.14491452510884,"degC","ECS_2"
"Ref_20",1871,"Tgav",0.148457809597153,"degC","ECS_2"
"Ref_20",1872,"Tgav",0.150744818619463,"degC","ECS_2"
"Ref_20",1873,"Tgav",0.15202156003373,"degC","ECS_2"
"Ref_20",1874,"Tgav",0.1544885075535,"degC","ECS_2"
"Ref_20",1875,"Tgav",0.156628759123132,"degC","ECS_2"
"Ref_20",1876,"Tgav",0.155545325496262,"degC","ECS_2"
"Ref_20",1877,"Tgav",0.155175838119822,"degC","ECS_2"
"Ref_20",1878,"Tgav",0.158641445580481,"degC","ECS_2"
"Ref_20",1879,"Tgav",0.164022353242033,"degC","ECS_2"
"Ref_20",1880,"Tgav",0.169947533224439,"degC","ECS_2"
"Ref_20",1881,"Tgav",0.17578703545146,"degC","ECS_2"
"Ref_20",1882,"Tgav",0.171557907049877,"degC","ECS_2"
"Ref_20",1883,"Tgav",0.0917704747093799,"degC","ECS_2"
"Ref_20",1884,"Tgav",-0.0296944331305928,"degC","ECS_2"
"Ref_20",1885,"Tgav",-0.0657192702161227,"degC","ECS_2"
"Ref_20",1886,"Tgav",-0.0446553053957103,"degC","ECS_2"
"Ref_20",1887,"Tgav",-0.0190717368406914,"degC","ECS_2"
"Ref_20",1888,"Tgav",0.00620804211763541,"degC","ECS_2"
"Ref_20",1889,"Tgav",0.0176709086353083,"degC","ECS_2"
"Ref_20",1890,"Tgav",0.0204648176507877,"degC","ECS_2"
"Ref_20",1891,"Tgav",0.028619251987401,"degC","ECS_2"
"Ref_20",1892,"Tgav",0.0502088718685367,"degC","ECS_2"
"Ref_20",1893,"Tgav",0.0793190577612254,"degC","ECS_2"
"Ref_20",1894,"Tgav",0.110194802323071,"degC","ECS_2"
"Ref_20",1895,"Tgav",0.132500771833177,"degC","ECS_2"
"Ref_20",1896,"Tgav",0.13694542472368,"degC","ECS_2"
"Ref_20",1897,"Tgav",0.134103498731108,"degC","ECS_2"
"Ref_20",1898,"Tgav",0.142419500798495,"degC","ECS_2"
"Ref_20",1899,"Tgav",0.160136828417799,"degC","ECS_2"
"Ref_20",1900,"Tgav",0.178764905396027,"degC","ECS_2"
"Ref_20",1901,"Tgav",0.192497861805917,"degC","ECS_2"
"Ref_20",1902,"Tgav",0.16559608182928,"degC","ECS_2"
"Ref_20",1903,"Tgav",0.112844912553792,"degC","ECS_2"
"Ref_20",1904,"Tgav",0.101399483561023,"degC","ECS_2"
"Ref_20",1905,"Tgav",0.127284046441119,"degC","ECS_2"
"Ref_20",1906,"Tgav",0.15562635953368,"degC","ECS_2"
"Ref_20",1907,"Tgav",0.173734441728887,"degC","ECS_2"
"Ref_20",1908,"Tgav",0.188021245877422,"degC","ECS_2"
"Ref_20",1909,"Tgav",0.205142180980417,"degC","ECS_2"
"Ref_20",1910,"Tgav",0.222043314682949,"degC","ECS_2"
"Ref_20",1911,"Tgav",0.236162957704677,"degC","ECS_2"
"Ref_20",1912,"Tgav",0.227144309612113,"degC","ECS_2"
"Ref_20",1913,"Tgav",0.212249194797719,"degC","ECS_2"
"Ref_20",1914,"Tgav",0.221500891260153,"degC","ECS_2"
"Ref_20",1915,"Tgav",0.239626381766838,"degC","ECS_2"
"Ref_20",1916,"Tgav",0.256067300841102,"degC","ECS_2"
"Ref_20",1917,"Tgav",0.269488636754031,"degC","ECS_2"
"Ref_20",1918,"Tgav",0.280857774978375,"degC","ECS_2"
"Ref_20",1919,"Tgav",0.289877568012442,"degC","ECS_2"
"Ref_20",1920,"Tgav",0.290696736348367,"degC","ECS_2"
"Ref_20",1921,"Tgav",0.290935150206689,"degC","ECS_2"
"Ref_20",1922,"Tgav",0.299726737353166,"degC","ECS_2"
"Ref_20",1923,"Tgav",0.309350344613991,"degC","ECS_2"
"Ref_20",1924,"Tgav",0.316090801103211,"degC","ECS_2"
"Ref_20",1925,"Tgav",0.321898235797026,"degC","ECS_2"
"Ref_20",1926,"Tgav",0.327899997912064,"degC","ECS_2"
"Ref_20",1927,"Tgav",0.333218582680827,"degC","ECS_2"
"Ref_20",1928,"Tgav",0.334002626751904,"degC","ECS_2"
"Ref_20",1929,"Tgav",0.331373021726845,"degC","ECS_2"
"Ref_20",1930,"Tgav",0.332825631137531,"degC","ECS_2"
"Ref_20",1931,"Tgav",0.337498039857873,"degC","ECS_2"
"Ref_20",1932,"Tgav",0.339369497691672,"degC","ECS_2"
"Ref_20",1933,"Tgav",0.342251837443205,"degC","ECS_2"
"Ref_20",1934,"Tgav",0.348603960814029,"degC","ECS_2"
"Ref_20",1935,"Tgav",0.354857897928604,"degC","ECS_2"
"Ref_20",1936,"Tgav",0.36120909065807,"degC","ECS_2"
"Ref_20",1937,"Tgav",0.36671145071861,"degC","ECS_2"
"Ref_20",1938,"Tgav",0.370387805545632,"degC","ECS_2"
"Ref_20",1939,"Tgav",0.374165508624487,"degC","ECS_2"
"Ref_20",1940,"Tgav",0.379744574068209,"degC","ECS_2"
"Ref_20",1941,"Tgav",0.385992048809939,"degC","ECS_2"
"Ref_20",1942,"Tgav",0.390042333223465,"degC","ECS_2"
"Ref_20",1943,"Tgav",0.393828154471301,"degC","ECS_2"
"Ref_20",1944,"Tgav",0.399994139297791,"degC","ECS_2"
"Ref_20",1945,"Tgav",0.406910401902791,"degC","ECS_2"
"Ref_20",1946,"Tgav",0.413859577560507,"degC","ECS_2"
"Ref_20",1947,"Tgav",0.41952604442013,"degC","ECS_2"
"Ref_20",1948,"Tgav",0.42489934483933,"degC","ECS_2"
"Ref_20",1949,"Tgav",0.429778076304885,"degC","ECS_2"
"Ref_20",1950,"Tgav",0.434717115894865,"degC","ECS_2"
"Ref_20",1951,"Tgav",0.440532589434844,"degC","ECS_2"
"Ref_20",1952,"Tgav",0.446399468715047,"degC","ECS_2"
"Ref_20",1953,"Tgav",0.452175360613221,"degC","ECS_2"
"Ref_20",1954,"Tgav",0.45914467050175,"degC","ECS_2"
"Ref_20",1955,"Tgav",0.468549492968031,"degC","ECS_2"
"Ref_20",1956,"Tgav",0.479010020625946,"degC","ECS_2"
"Ref_20",1957,"Tgav",0.490127359594165,"degC","ECS_2"
"Ref_20",1958,"Tgav",0.501430766459909,"degC","ECS_2"
"Ref_20",1959,"Tgav",0.512218464007359,"degC","ECS_2"
"Ref_20",1960,"Tgav",0.516657420853297,"degC","ECS_2"
"Ref_20",1961,"Tgav",0.515024456888662,"degC","ECS_2"
"Ref_20",1962,"Tgav",0.510608520935582,"degC","ECS_2"
"Ref_20",1963,"Tgav",0.469839244697061,"degC","ECS_2"
"Ref_20",1964,"Tgav",0.411869403503705,"degC","ECS_2"
"Ref_20",1965,"Tgav",0.400542893509879,"degC","ECS_2"
"Ref_20",1966,"Tgav",0.429906113397728,"degC","ECS_2"
"Ref_20",1967,"Tgav",0.464759751968497,"degC","ECS_2"
"Ref_20",1968,"Tgav",0.474285621623603,"degC","ECS_2"
"Ref_20",1969,"Tgav",0.475846159948918,"degC","ECS_2"
"Ref_20",1970,"Tgav",0.500557637562619,"degC","ECS_2"
"Ref_20",1971,"Tgav",0.537741735555981,"degC","ECS_2"
"Ref_20",1972,"Tgav",0.571733483933441,"degC","ECS_2"
"Ref_20",1973,"Tgav",0.595863432781984,"degC","ECS_2"
"Ref_20",1974,"Tgav",0.604865843805547,"degC","ECS_2"
"Ref_20",1975,"Tgav",0.607206638324347,"degC","ECS_2"
"Ref_20",1976,"Tgav",0.624338203601141,"degC","ECS_2"
"Ref_20",1977,"Tgav",0.655197477525668,"degC","ECS_2"
"Ref_20",1978,"Tgav",0.680396054943741,"degC","ECS_2"
"Ref_20",1979,"Tgav",0.701570864719659,"degC","ECS_2"
"Ref_20",1980,"Tgav",0.726433128454604,"degC","ECS_2"
"Ref_20",1981,"Tgav",0.743222410255702,"degC","ECS_2"
"Ref_20",1982,"Tgav",0.702442279691401,"degC","ECS_2"
"Ref_20",1983,"Tgav",0.651187597671685,"degC","ECS_2"
"Ref_20",1984,"Tgav",0.666773623883589,"degC","ECS_2"
"Ref_20",1985,"Tgav",0.710182299338477,"degC","ECS_2"
"Ref_20",1986,"Tgav",0.749336831108905,"degC","ECS_2"
"Ref_20",1987,"Tgav",0.782569617045161,"degC","ECS_2"
"Ref_20",1988,"Tgav",0.813418671287761,"degC","ECS_2"
"Ref_20",1989,"Tgav",0.841861918769305,"degC","ECS_2"
"Ref_20",1990,"Tgav",0.86383813127584,"degC","ECS_2"
"Ref_20",1991,"Tgav",0.803395503201942,"degC","ECS_2"
"Ref_20",1992,"Tgav",0.711422869709697,"degC","ECS_2"
"Ref_20",1993,"Tgav",0.710532563779299,"degC","ECS_2"
"Ref_20",1994,"Tgav",0.764859915971963,"degC","ECS_2"
"Ref_20",1995,"Tgav",0.822323184465457,"degC","ECS_2"
"Ref_20",1996,"Tgav",0.869655637345344,"degC","ECS_2"
"Ref_20",1997,"Tgav",0.911134877138601,"degC","ECS_2"
"Ref_20",1998,"Tgav",0.94595298040334,"degC","ECS_2"
"Ref_20",1999,"Tgav",0.975017575313348,"degC","ECS_2"
"Ref_20",2000,"Tgav",1.00021381260292,"degC","ECS_2"
"Ref_20",2001,"Tgav",1.02323680180304,"degC","ECS_2"
"Ref_20",2002,"Tgav",1.04535704916084,"degC","ECS_2"
"Ref_20",2003,"Tgav",1.06578794383133,"degC","ECS_2"
"Ref_20",2004,"Tgav",1.08606196387544,"degC","ECS_2"
"Ref_20",2005,"Tgav",1.10245406272602,"degC","ECS_2"
"Ref_20",2006,"Tgav",1.10905793479912,"degC","ECS_2"
"Ref_20",2007,"Tgav",1.11264054498276,"degC","ECS_2"
"Ref_20",2008,"Tgav",1.12023863391163,"degC","ECS_2"
"Ref_20",2009,"Tgav",1.13080674168111,"degC","ECS_2"
"Ref_20",2010,"Tgav",1.14319849840643,"degC","ECS_2"
"Ref_20",2011,"Tgav",1.15645246448212,"degC","ECS_2"
"Ref_20",2012,"Tgav",1.16980688375644,"degC","ECS_2"
"Ref_20",2013,"Tgav",1.18281996360914,"degC","ECS_2"
"Ref_20",2014,"Tgav",1.19567669080162,"degC","ECS_2"
"Ref_20",2015,"Tgav",1.20856122847378,"degC","ECS_2"
"Ref_20",2016,"Tgav",1.22165012438844,"degC","ECS_2"
"Ref_20",2017,"Tgav",1.23510327130214,"degC","ECS_2"
"Ref_20",2018,"Tgav",1.24901730678452,"degC","ECS_2"
"Ref_20",2019,"Tgav",1.26338510360293,"degC","ECS_2"
"Ref_20",2020,"Tgav",1.27820045736801,"degC","ECS_2"
"Ref_20",2021,"Tgav",1.29362529049295,"degC","ECS_2"
"Ref_20",2022,"Tgav",1.30962116178497,"degC","ECS_2"
"Ref_20",2023,"Tgav",1.326148313691,"degC","ECS_2"
"Ref_20",2024,"Tgav",1.34319627209222,"degC","ECS_2"
"Ref_20",2025,"Tgav",1.36075503126565,"degC","ECS_2"
"Ref_20",2026,"Tgav",1.37882478944429,"degC","ECS_2"
"Ref_20",2027,"Tgav",1.39739940082009,"degC","ECS_2"
"Ref_20",2028,"Tgav",1.41644403936729,"degC","ECS_2"
"Ref_20",2029,"Tgav",1.43591726202377,"degC","ECS_2"
"Ref_20",2030,"Tgav",1.45578680983718,"degC","ECS_2"
"Ref_20",2031,"Tgav",1.47603982893857,"degC","ECS_2"
"Ref_20",2032,"Tgav",1.4966782402069,"degC","ECS_2"
"Ref_20",2033,"Tgav",1.51769738318117,"degC","ECS_2"
"Ref_20",2034,"Tgav",1.53904163454724,"degC","ECS_2"
"Ref_20",2035,"Tgav",1.56066795356908,"degC","ECS_2"
"Ref_20",2036,"Tgav",1.5825521915396,"degC","ECS_2"
"Ref_20",2037,"Tgav",1.60463719259407,"degC","ECS_2"
"Ref_20",2038,"Tgav",1.62688172094534,"degC","ECS_2"
"Ref_20",2039,"Tgav",1.64927068031028,"degC","ECS_2"
"Ref_20",2040,"Tgav",1.67179290364223,"degC","ECS_2"
"Ref_20",2041,"Tgav",1.69446156476658,"degC","ECS_2"
"Ref_20",2042,"Tgav",1.71723000128361,"degC","ECS_2"
"Ref_20",2043,"Tgav",1.74006366084493,"degC","ECS_2"
"Ref_20",2044,"Tgav",1.76297300573305,"degC","ECS_2"
"Ref_20",2045,"Tgav",1.78596510376641,"degC","ECS_2"
"Ref_20",2046,"Tgav",1.80903535814534,"degC","ECS_2"
"Ref_20",2047,"Tgav",1.83216961078988,"degC","ECS_2"
"Ref_20",2048,"Tgav",1.8553578230916,"degC","ECS_2"
"Ref_20",2049,"Tgav",1.87861735493284,"degC","ECS_2"
"Ref_20",2050,"Tgav",1.90195974149336,"degC","ECS_2"
"Ref_20",2051,"Tgav",1.9254106600732,"degC","ECS_2"
"Ref_20",2052,"Tgav",1.94889002442427,"degC","ECS_2"
"Ref_20",2053,"Tgav",1.97234165194245,"degC","ECS_2"
"Ref_20",2054,"Tgav",1.99577543410415,"degC","ECS_2"
"Ref_20",2055,"Tgav",2.01920123473031,"degC","ECS_2"
"Ref_20",2056,"Tgav",2.04259452224613,"degC","ECS_2"
"Ref_20",2057,"Tgav",2.06594810844105,"degC","ECS_2"
"Ref_20",2058,"Tgav",2.08926031504507,"degC","ECS_2"
"Ref_20",2059,"Tgav",2.11253861019176,"degC","ECS_2"
"Ref_20",2060,"Tgav",2.13578960768041,"degC","ECS_2"
"Ref_20",2061,"Tgav",2.15904675607227,"degC","ECS_2"
"Ref_20",2062,"Tgav",2.18230366244611,"degC","ECS_2"
"Ref_20",2063,"Tgav",2.2055543577671,"degC","ECS_2"
"Ref_20",2064,"Tgav",2.22880694494232,"degC","ECS_2"
"Ref_20",2065,"Tgav",2.25206799470829,"degC","ECS_2"
"Ref_20",2066,"Tgav",2.2753408836864,"degC","ECS_2"
"Ref_20",2067,"Tgav",2.29862889759981,"degC","ECS_2"
"Ref_20",2068,"Tgav",2.32193455530216,"degC","ECS_2"
"Ref_20",2069,"Tgav",2.34525840366245,"degC","ECS_2"
"Ref_20",2070,"Tgav",2.36860102695238,"degC","ECS_2"
"Ref_20",2071,"Tgav",2.39195882129574,"degC","ECS_2"
"Ref_20",2072,"Tgav",2.41532819911725,"degC","ECS_2"
"Ref_20",2073,"Tgav",2.43870705020701,"degC","ECS_2"
"Ref_20",2074,"Tgav",2.46209294867319,"degC","ECS_2"
"Ref_20",2075,"Tgav",2.48548474974638,"degC","ECS_2"
"Ref_20",2076,"Tgav",2.50889711649986,"degC","ECS_2"
"Ref_20",2077,"Tgav",2.53232962645314,"degC","ECS_2"
"Ref_20",2078,"Tgav",2.55578057349986,"degC","ECS_2"
"Ref_20",2079,"Tgav",2.57924700905886,"degC","ECS_2"
"Ref_20",2080,"Tgav",2.60272714318677,"degC","ECS_2"
"Ref_20",2081,"Tgav",2.62620237012623,"degC","ECS_2"
"Ref_20",2082,"Tgav",2.64965349679958,"degC","ECS_2"
"Ref_20",2083,"Tgav",2.67306902595813,"degC","ECS_2"
"Ref_20",2084,"Tgav",2.69644440667699,"degC","ECS_2"
"Ref_20",2085,"Tgav",2.7197775460571,"degC","ECS_2"
"Ref_20",2086,"Tgav",2.74308147295881,"degC","ECS_2"
"Ref_20",2087,"Tgav",2.76635720317403,"degC","ECS_2"
"Ref_20",2088,"Tgav",2.78960559062413,"degC","ECS_2"
"Ref_20",2089,"Tgav",2.81282682068474,"degC","ECS_2"
"Ref_20",2090,"Tgav",2.83602140424157,"degC","ECS_2"
"Ref_20",2091,"Tgav",2.85911381906065,"degC","ECS_2"
"Ref_20",2092,"Tgav",2.88210148649949,"degC","ECS_2"
"Ref_20",2093,"Tgav",2.90498939697902,"degC","ECS_2"
"Ref_20",2094,"Tgav",2.92778009462591,"degC","ECS_2"
"Ref_20",2095,"Tgav",2.95047610163906,"degC","ECS_2"
"Ref_20",2096,"Tgav",2.97327374177505,"degC","ECS_2"
"Ref_20",2097,"Tgav",2.99618282138005,"degC","ECS_2"
"Ref_20",2098,"Tgav",3.019195346041,"degC","ECS_2"
"Ref_20",2099,"Tgav",3.04230713618707,"degC","ECS_2"
"Ref_20",2100,"Tgav",3.06551538709898,"degC","ECS_2"
"Ref_20",1850,"Tgav",0.116771443922149,"degC","ECS_3"
"Ref_20",1851,"Tgav",0.12222218862185,"degC","ECS_3"
"Ref_20",1852,"Tgav",0.129065727244574,"degC","ECS_3"
"Ref_20",1853,"Tgav",0.136846118229444,"degC","ECS_3"
"Ref_20",1854,"Tgav",0.144650853926035,"degC","ECS_3"
"Ref_20",1855,"Tgav",0.140358441927911,"degC","ECS_3"
"Ref_20",1856,"Tgav",0.0975791061189317,"degC","ECS_3"
"Ref_20",1857,"Tgav",0.0414132193612097,"degC","ECS_3"
"Ref_20",1858,"Tgav",0.0265084122574254,"degC","ECS_3"
"Ref_20",1859,"Tgav",0.0470933696974241,"degC","ECS_3"
"Ref_20",1860,"Tgav",0.0745472238467677,"degC","ECS_3"
"Ref_20",1861,"Tgav",0.0936494187571839,"degC","ECS_3"
"Ref_20",1862,"Tgav",0.0999788076653789,"degC","ECS_3"
"Ref_20",1863,"Tgav",0.10539045083447,"degC","ECS_3"
"Ref_20",1864,"Tgav",0.117505474995993,"degC","ECS_3"
"Ref_20",1865,"Tgav",0.131943686617543,"degC","ECS_3"
"Ref_20",1866,"Tgav",0.145275435840936,"degC","ECS_3"
"Ref_20",1867,"Tgav",0.156766703790356,"degC","ECS_3"
"Ref_20",1868,"Tgav",0.166288682020008,"degC","ECS_3"
"Ref_20",1869,"Tgav",0.173494812212596,"degC","ECS_3"
"Ref_20",1870,"Tgav",0.179300471056615,"degC","ECS_3"
"Ref_20",1871,"Tgav",0.184635020758929,"degC","ECS_3"
"Ref_20",1872,"Tgav",0.188589360940177,"degC","ECS_3"
"Ref_20",1873,"Tgav",0.191349488216497,"degC","ECS_3"
"Ref_20",1874,"Tgav",0.19516460465542,"degC","ECS_3"
"Ref_20",1875,"Tgav",0.198647595271927,"degC","ECS_3"
"Ref_20",1876,"Tgav",0.198767546263671,"degC","ECS_3"
"Ref_20",1877,"Tgav",0.199321338213254,"degC","ECS_3"
"Ref_20",1878,"Tgav",0.203728631807592,"degC","ECS_3"
"Ref_20",1879,"Tgav",0.210310983184096,"degC","ECS_3"
"Ref_20",1880,"Tgav",0.217640958365527,"degC","ECS_3"
"Ref_20",1881,"Tgav",0.225020237497823,"degC","ECS_3"
"Ref_20",1882,"Tgav",0.222198297513013,"degC","ECS_3"
"Ref_20",1883,"Tgav",0.141458868173889,"degC","ECS_3"
"Ref_20",1884,"Tgav",0.0118934583039846,"degC","ECS_3"
"Ref_20",1885,"Tgav",-0.0359892422848646,"degC","ECS_3"
"Ref_20",1886,"Tgav",-0.0219225290441233,"degC","ECS_3"
"Ref_20",1887,"Tgav",0.00100197434919773,"degC","ECS_3"
"Ref_20",1888,"Tgav",0.0255346530409075,"degC","ECS_3"
"Ref_20",1889,"Tgav",0.0373485412599262,"degC","ECS_3"
"Ref_20",1890,"Tgav",0.0402586505407894,"degC","ECS_3"
"Ref_20",1891,"Tgav",0.0484000639312218,"degC","ECS_3"
"Ref_20",1892,"Tgav",0.0707745229370915,"degC","ECS_3"
"Ref_20",1893,"Tgav",0.102111277499559,"degC","ECS_3"
"Ref_20",1894,"Tgav",0.136422191500748,"degC","ECS_3"
"Ref_20",1895,"Tgav",0.162833459439349,"degC","ECS_3"
"Ref_20",1896,"Tgav",0.170963516481198,"degC","ECS_3"
"Ref_20",1897,"Tgav",0.17053044983678,"degC","ECS_3"
"Ref_20",1898,"Tgav",0.180668162031156,"degC","ECS_3"
"Ref_20",1899,"Tgav",0.200881211481494,"degC","ECS_3"
"Ref_20",1900,"Tgav",0.222756623458261,"degC","ECS_3"
"Ref_20",1901,"Tgav",0.240001031871962,"degC","ECS_3"
"Ref_20",1902,"Tgav",0.215638214763444,"degC","ECS_3"
"Ref_20",1903,"Tgav",0.161730824185359,"degC","ECS_3"
"Ref_20",1904,"Tgav",0.146925078503514,"degC","ECS_3"
"Ref_20",1905,"Tgav",0.17190630122252,"degC","ECS_3"
"Ref_20",1906,"Tgav",0.202140581585637,"degC","ECS_3"
"Ref_20",1907,"Tgav",0.2230829158867,"degC","ECS_3"
"Ref_20",1908,"Tgav",0.240208925982981,"degC","ECS_3"
"Ref_20",1909,"Tgav",0.260335471575628,"degC","ECS_3"
"Ref_20",1910,"Tgav",0.280655577276182,"degC","ECS_3"
"Ref_20",1911,"Tgav",0.298354233209664,"degC","ECS_3"
"Ref_20",1912,"Tgav",0.292404667523141,"degC","ECS_3"
"Ref_20",1913,"Tgav",0.278707973071112,"degC","ECS_3"
"Ref_20",1914,"Tgav",0.288665639686037,"degC","ECS_3"
"Ref_20",1915,"Tgav",0.308962026927681,"degC","ECS_3"
"Ref_20",1916,"Tgav",0.328388641136949,"degC","ECS_3"
"Ref_20",1917,"Tgav",0.345033679977197,"degC","ECS_3"
"Ref_20",1918,"Tgav",0.359651038814643,"degC","ECS_3"
"Ref_20",1919,"Tgav",0.371859668417327,"degC","ECS_3"
"Ref_20",1920,"Tgav",0.375569945020863,"degC","ECS_3"
"Ref_20",1921,"Tgav",0.378025676309265,"degC","ECS_3"
"Ref_20",1922,"Tgav",0.388946383055293,"degC","ECS_3"
"Ref_20",1923,"Tgav",0.40118658766505,"degC","ECS_3"
"Ref_20",1924,"Tgav",0.410620096896502,"degC","ECS_3"
"Ref_20",1925,"Tgav",0.41898009372601,"degC","ECS_3"
"Ref_20",1926,"Tgav",0.42747003393551,"degC","ECS_3"
"Ref_20",1927,"Tgav",0.43524908522774,"degC","ECS_3"
"Ref_20",1928,"Tgav",0.4383257739169,"degC","ECS_3"
"Ref_20",1929,"Tgav",0.437525744429412,"degC","ECS_3"
"Ref_20",1930,"Tgav",0.440476951973565,"degC","ECS_3"
"Ref_20",1931,"Tgav",0.446820251629984,"degC","ECS_3"
"Ref_20",1932,"Tgav",0.450485184161301,"degC","ECS_3"
"Ref_20",1933,"Tgav",0.455001593197671,"degC","ECS_3"
"Ref_20",1934,"Tgav",0.463104598001106,"degC","ECS_3"
"Ref_20",1935,"Tgav",0.471366448380292,"degC","ECS_3"
"Ref_20",1936,"Tgav",0.479803316989148,"degC","ECS_3"
"Ref_20",1937,"Tgav",0.487453287300982,"degC","ECS_3"
"Ref_20",1938,"Tgav",0.49322668700901,"degC","ECS_3"
"Ref_20",1939,"Tgav",0.49898085652171,"degC","ECS_3"
"Ref_20",1940,"Tgav",0.506550356515486,"degC","ECS_3"
"Ref_20",1941,"Tgav",0.514919191945834,"degC","ECS_3"
"Ref_20",1942,"Tgav",0.52112726577634,"degC","ECS_3"
"Ref_20",1943,"Tgav",0.526938773486213,"degC","ECS_3"
"Ref_20",1944,"Tgav",0.535141315020353,"degC","ECS_3"
"Ref_20",1945,"Tgav",0.544271304483538,"degC","ECS_3"
"Ref_20",1946,"Tgav",0.553539100702111,"degC","ECS_3"
"Ref_20",1947,"Tgav",0.561564035242732,"degC","ECS_3"
"Ref_20",1948,"Tgav",0.569240791254078,"degC","ECS_3"
"Ref_20",1949,"Tgav",0.576397738671063,"degC","ECS_3"
"Ref_20",1950,"Tgav",0.583573897548227,"degC","ECS_3"
"Ref_20",1951,"Tgav",0.591636594143926,"degC","ECS_3"
"Ref_20",1952,"Tgav",0.599812379602803,"degC","ECS_3"
"Ref_20",1953,"Tgav",0.607917487372262,"degC","ECS_3"
"Ref_20",1954,"Tgav",0.617254588971058,"degC","ECS_3"
"Ref_20",1955,"Tgav",0.629189348146102,"degC","ECS_3"
"Ref_20",1956,"Tgav",0.642441922825566,"degC","ECS_3"
"Ref_20",1957,"Tgav",0.656557087461879,"degC","ECS_3"
"Ref_20",1958,"Tgav",0.671038024870894,"degC","ECS_3"
"Ref_20",1959,"Tgav",0.685127739975956,"degC","ECS_3"
"Ref_20",1960,"Tgav",0.692798127068337,"degC","ECS_3"
"Ref_20",1961,"Tgav",0.693835960678373,"degC","ECS_3"
"Ref_20",1962,"Tgav",0.691438492990915,"degC","ECS_3"
"Ref_20",1963,"Tgav",0.651417660899646,"degC","ECS_3"
"Ref_20",1964,"Tgav",0.590624521942405,"degC","ECS_3"
"Ref_20",1965,"Tgav",0.574870170107952,"degC","ECS_3"
"Ref_20",1966,"Tgav",0.602828306648715,"degC","ECS_3"
"Ref_20",1967,"Tgav",0.639613548741871,"degC","ECS_3"
"Ref_20",1968,"Tgav",0.652184943699086,"degC","ECS_3"
"Ref_20",1969,"Tgav",0.655784009905789,"degC","ECS_3"
"Ref_20",1970,"Tgav",0.682621554204113,"degC","ECS_3"
"Ref_20",1971,"Tgav",0.723925066308547,"degC","ECS_3"
"Ref_20",1972,"Tgav",0.763499972824028,"degC","ECS_3"
"Ref_20",1973,"Tgav",0.793605920069298,"degC","ECS_3"
"Ref_20",1974,"Tgav",0.808104500261998,"degC","ECS_3"
"Ref_20",1975,"Tgav",0.814825464670147,"degC","ECS_3"
"Ref_20",1976,"Tgav",0.835894069682475,"degC","ECS_3"
"Ref_20",1977,"Tgav",0.871785152107821,"degC","ECS_3"
"Ref_20",1978,"Tgav",0.903098417786885,"degC","ECS_3"
"Ref_20",1979,"Tgav",0.930376779528565,"degC","ECS_3"
"Ref_20",1980,"Tgav",0.961409908207395,"degC","ECS_3"
"Ref_20",1981,"Tgav",0.984611882556562,"degC","ECS_3"
"Ref_20",1982,"Tgav",0.948567981201614,"degC","ECS_3"
"Ref_20",1983,"Tgav",0.897204281227965,"degC","ECS_3"
"Ref_20",1984,"Tgav",0.911680865111603,"degC","ECS_3"
"Ref_20",1985,"Tgav",0.958181383663515,"degC","ECS_3"
"Ref_20",1986,"Tgav",1.00300523045588,"degC","ECS_3"
"Ref_20",1987,"Tgav",1.04275968809079,"degC","ECS_3"
"Ref_20",1988,"Tgav",1.08055718553023,"degC","ECS_3"
"Ref_20",1989,"Tgav",1.11626390734707,"degC","ECS_3"
"Ref_20",1990,"Tgav",1.14554687853789,"degC","ECS_3"
"Ref_20",1991,"Tgav",1.09037181170958,"degC","ECS_3"
"Ref_20",1992,"Tgav",0.996446667270544,"degC","ECS_3"
"Ref_20",1993,"Tgav",0.990832476724329,"degC","ECS_3"
"Ref_20",1994,"Tgav",1.04602443980653,"degC","ECS_3"
"Ref_20",1995,"Tgav",1.10897965633375,"degC","ECS_3"
"Ref_20",1996,"Tgav",1.16374774120087,"degC","ECS_3"
"Ref_20",1997,"Tgav",1.21340294463651,"degC","ECS_3"
"Ref_20",1998,"Tgav",1.25679729185777,"degC","ECS_3"
"Ref_20",1999,"Tgav",1.29440437849903,"degC","ECS_3"
"Ref_20",2000,"Tgav",1.32793120070386,"degC","ECS_3"
"Ref_20",2001,"Tgav",1.3590520009875,"degC","ECS_3"
"Ref_20",2002,"Tgav",1.389089118708,"degC","ECS_3"
"Ref_20",2003,"Tgav",1.41730104928631,"degC","ECS_3"
"Ref_20",2004,"Tgav",1.4451916116502,"degC","ECS_3"
"Ref_20",2005,"Tgav",1.46905432405817,"degC","ECS_3"
"Ref_20",2006,"Tgav",1.4825744647406,"degC","ECS_3"
"Ref_20",2007,"Tgav",1.49210765050492,"degC","ECS_3"
"Ref_20",2008,"Tgav",1.50513768426881,"degC","ECS_3"
"Ref_20",2009,"Tgav",1.52112872360051,"degC","ECS_3"
"Ref_20",2010,"Tgav",1.53901666301012,"degC","ECS_3"
"Ref_20",2011,"Tgav",1.55786362582881,"degC","ECS_3"
"Ref_20",2012,"Tgav",1.57688613920438,"degC","ECS_3"
"Ref_20",2013,"Tgav",1.59559946137579,"degC","ECS_3"
"Ref_20",2014,"Tgav",1.61415095683106,"degC","ECS_3"
"Ref_20",2015,"Tgav",1.63272427889466,"degC","ECS_3"
"Ref_20",2016,"Tgav",1.65150610036063,"degC","ECS_3"
"Ref_20",2017,"Tgav",1.67067307616896,"degC","ECS_3"
"Ref_20",2018,"Tgav",1.69034184937658,"degC","ECS_3"
"Ref_20",2019,"Tgav",1.71052314168105,"degC","ECS_3"
"Ref_20",2020,"Tgav",1.73122158243914,"degC","ECS_3"
"Ref_20",2021,"Tgav",1.75261154936274,"degC","ECS_3"
"Ref_20",2022,"Tgav",1.77467454599805,"degC","ECS_3"
"Ref_20",2023,"Tgav",1.79737786977673,"degC","ECS_3"
"Ref_20",2024,"Tgav",1.82071602012412,"degC","ECS_3"
"Ref_20",2025,"Tgav",1.84468372823467,"degC","ECS_3"
"Ref_20",2026,"Tgav",1.86928516101276,"degC","ECS_3"
"Ref_20",2027,"Tgav",1.89451829144142,"degC","ECS_3"
"Ref_20",2028,"Tgav",1.92035129291621,"degC","ECS_3"
"Ref_20",2029,"Tgav",1.94674289667111,"degC","ECS_3"
"Ref_20",2030,"Tgav",1.97365931225185,"degC","ECS_3"
"Ref_20",2031,"Tgav",2.00108593152382,"degC","ECS_3"
"Ref_20",2032,"Tgav",2.02902308828421,"degC","ECS_3"
"Ref_20",2033,"Tgav",2.0574656344754,"degC","ECS_3"
"Ref_20",2034,"Tgav",2.08635721216877,"degC","ECS_3"
"Ref_20",2035,"Tgav",2.11565027333124,"degC","ECS_3"
"Ref_20",2036,"Tgav",2.14531605436346,"degC","ECS_3"
"Ref_20",2037,"Tgav",2.17529280616105,"degC","ECS_3"
"Ref_20",2038,"Tgav",2.20553209839898,"degC","ECS_3"
"Ref_20",2039,"Tgav",2.23601210527654,"degC","ECS_3"
"Ref_20",2040,"Tgav",2.26671657197343,"degC","ECS_3"
"Ref_20",2041,"Tgav",2.29765477236511,"degC","ECS_3"
"Ref_20",2042,"Tgav",2.32877783329966,"degC","ECS_3"
"Ref_20",2043,"Tgav",2.36004518601935,"degC","ECS_3"
"Ref_20",2044,"Tgav",2.3914614946943,"degC","ECS_3"
"Ref_20",2045,"Tgav",2.42303099883765,"degC","ECS_3"
"Ref_20",2046,"Tgav",2.45474669316864,"degC","ECS_3"
"Ref_20",2047,"Tgav",2.48659214948462,"degC","ECS_3"
"Ref_20",2048,"Tgav",2.51855445097394,"degC","ECS_3"
"Ref_20",2049,"Tgav",2.55064818342621,"degC","ECS_3"
"Ref_20",2050,"Tgav",2.58288417576584,"degC","ECS_3"
"Ref_20",2051,"Tgav",2.61528807068872,"degC","ECS_3"
"Ref_20",2052,"Tgav",2.64778014392252,"degC","ECS_3"
"Ref_20",2053,"Tgav",2.68029718869955,"degC","ECS_3"
"Ref_20",2054,"Tgav",2.71284198742086,"degC","ECS_3"
"Ref_20",2055,"Tgav",2.74542119320579,"degC","ECS_3"
"Ref_20",2056,"Tgav",2.77800729995136,"degC","ECS_3"
"Ref_20",2057,"Tgav",2.81058885173576,"degC","ECS_3"
"Ref_20",2058,"Tgav",2.84316104450171,"degC","ECS_3"
"Ref_20",2059,"Tgav",2.87572872135816,"degC","ECS_3"
"Ref_20",2060,"Tgav",2.90829689698176,"degC","ECS_3"
"Ref_20",2061,"Tgav",2.94089846229968,"degC","ECS_3"
"Ref_20",2062,"Tgav",2.97352846174059,"degC","ECS_3"
"Ref_20",2063,"Tgav",3.00618017142489,"degC","ECS_3"
"Ref_20",2064,"Tgav",3.03886075388762,"degC","ECS_3"
"Ref_20",2065,"Tgav",3.0715766766779,"degC","ECS_3"
"Ref_20",2066,"Tgav",3.10433128613423,"degC","ECS_3"
"Ref_20",2067,"Tgav",3.13712775564073,"degC","ECS_3"
"Ref_20",2068,"Tgav",3.16996855211795,"degC","ECS_3"
"Ref_20",2069,"Tgav",3.20285416671366,"degC","ECS_3"
"Ref_20",2070,"Tgav",3.23578499413491,"degC","ECS_3"
"Ref_20",2071,"Tgav",3.26875712051531,"degC","ECS_3"
"Ref_20",2072,"Tgav",3.30176625499801,"degC","ECS_3"
"Ref_20",2073,"Tgav",3.33480950904491,"degC","ECS_3"
"Ref_20",2074,"Tgav",3.36788373546373,"degC","ECS_3"
"Ref_20",2075,"Tgav",3.40098702870573,"degC","ECS_3"
"Ref_20",2076,"Tgav",3.43413369314707,"degC","ECS_3"
"Ref_20",2077,"Tgav",3.46732382748518,"degC","ECS_3"
"Ref_20",2078,"Tgav",3.50055547868221,"degC","ECS_3"
"Ref_20",2079,"Tgav",3.53382539468415,"degC","ECS_3"
"Ref_20",2080,"Tgav",3.5671312963835,"degC","ECS_3"
"Ref_20",2081,"Tgav",3.60045370683934,"degC","ECS_3"
"Ref_20",2082,"Tgav",3.63377120705057,"degC","ECS_3"
"Ref_20",2083,"Tgav",3.66706968471076,"degC","ECS_3"
"Ref_20",2084,"Tgav",3.70034220461512,"degC","ECS_3"
"Ref_20",2085,"Tgav",3.73358474806668,"degC","ECS_3"
"Ref_20",2086,"Tgav",3.76680903229512,"degC","ECS_3"
"Ref_20",2087,"Tgav",3.8000158132938,"degC","ECS_3"
"Ref_20",2088,"Tgav",3.83320527681117,"degC","ECS_3"
"Ref_20",2089,"Tgav",3.86637713926562,"degC","ECS_3"
"Ref_20",2090,"Tgav",3.89953145864683,"degC","ECS_3"
"Ref_20",2091,"Tgav",3.9325906666481,"degC","ECS_3"
"Ref_20",2092,"Tgav",3.96554561655263,"degC","ECS_3"
"Ref_20",2093,"Tgav",3.99839866636009,"degC","ECS_3"
"Ref_20",2094,"Tgav",4.03115042332393,"degC","ECS_3"
"Ref_20",2095,"Tgav",4.06380185552005,"degC","ECS_3"
"Ref_20",2096,"Tgav",4.09655223017898,"degC","ECS_3"
"Ref_20",2097,"Tgav",4.12942596943684,"degC","ECS_3"
"Ref_20",2098,"Tgav",4.16241987223093,"degC","ECS_3"
"Ref_20",2099,"Tgav",4.19553314289981,"degC","ECS_3"
"Ref_20",2100,"Tgav",4.22876541545141,"degC","ECS_3"
"Ref_20",1850,"Tgav",0.126941556877645,"degC","ECS_4.5"
"Ref_20",1851,"Tgav",0.134530473821755,"degC","ECS_4.5"
"Ref_20",1852,"Tgav",0.143438960355473,"degC","ECS_4.5"
"Ref_20",1853,"Tgav",0.153301974255316,"degC","ECS_4.5"
"Ref_20",1854,"Tgav",0.163217082282197,"degC","ECS_4.5"
"Ref_20",1855,"Tgav",0.160871863963678,"degC","ECS_4.5"
"Ref_20",1856,"Tgav",0.118819987398947,"degC","ECS_4.5"
"Ref_20",1857,"Tgav",0.0607762133264139,"degC","ECS_4.5"
"Ref_20",1858,"Tgav",0.0428217990700413,"degC","ECS_4.5"
"Ref_20",1859,"Tgav",0.061997823551001,"degC","ECS_4.5"
"Ref_20",1860,"Tgav",0.0899613993462686,"degC","ECS_4.5"
"Ref_20",1861,"Tgav",0.110517122649247,"degC","ECS_4.5"
"Ref_20",1862,"Tgav",0.118394370111882,"degC","ECS_4.5"
"Ref_20",1863,"Tgav",0.125047196135545,"degC","ECS_4.5"
"Ref_20",1864,"Tgav",0.13851295748844,"degC","ECS_4.5"
"Ref_20",1865,"Tgav",0.154721876278889,"degC","ECS_4.5"
"Ref_20",1866,"Tgav",0.170093652549076,"degC","ECS_4.5"
"Ref_20",1867,"Tgav",0.183737334654824,"degC","ECS_4.5"
"Ref_20",1868,"Tgav",0.195431842032599,"degC","ECS_4.5"
"Ref_20",1869,"Tgav",0.204757271711098,"degC","ECS_4.5"
"Ref_20",1870,"Tgav",0.212570092590965,"degC","ECS_4.5"
"Ref_20",1871,"Tgav",0.219815012255403,"degC","ECS_4.5"
"Ref_20",1872,"Tgav",0.225598327775131,"degC","ECS_4.5"
"Ref_20",1873,"Tgav",0.230057353037377,"degC","ECS_4.5"
"Ref_20",1874,"Tgav",0.235466720274278,"degC","ECS_4.5"
"Ref_20",1875,"Tgav",0.240532340470963,"degC","ECS_4.5"
"Ref_20",1876,"Tgav",0.242134217848365,"degC","ECS_4.5"
"Ref_20",1877,"Tgav",0.243956085589162,"degC","ECS_4.5"
"Ref_20",1878,"Tgav",0.249619482304994,"degC","ECS_4.5"
"Ref_20",1879,"Tgav",0.257631188254556,"degC","ECS_4.5"
"Ref_20",1880,"Tgav",0.266542518119619,"degC","ECS_4.5"
"Ref_20",1881,"Tgav",0.275615813659083,"degC","ECS_4.5"
"Ref_20",1882,"Tgav",0.274422342040525,"degC","ECS_4.5"
"Ref_20",1883,"Tgav",0.193696788942733,"degC","ECS_4.5"
"Ref_20",1884,"Tgav",0.0588790426656214,"degC","ECS_4.5"
"Ref_20",1885,"Tgav",0.00241563836501377,"degC","ECS_4.5"
"Ref_20",1886,"Tgav",0.0107851061324916,"degC","ECS_4.5"
"Ref_20",1887,"Tgav",0.0309976834694571,"degC","ECS_4.5"
"Ref_20",1888,"Tgav",0.054300719089948,"degC","ECS_4.5"
"Ref_20",1889,"Tgav",0.065843409130649,"degC","ECS_4.5"
"Ref_20",1890,"Tgav",0.0684729917249855,"degC","ECS_4.5"
"Ref_20",1891,"Tgav",0.0763229139901083,"degC","ECS_4.5"
"Ref_20",1892,"Tgav",0.0990270471308139,"degC","ECS_4.5"
"Ref_20",1893,"Tgav",0.131821254751744,"degC","ECS_4.5"
"Ref_20",1894,"Tgav",0.168614307747118,"degC","ECS_4.5"
"Ref_20",1895,"Tgav",0.198184694608581,"degC","ECS_4.5"
"Ref_20",1896,"Tgav",0.209366119440762,"degC","ECS_4.5"
"Ref_20",1897,"Tgav",0.211180737681725,"degC","ECS_4.5"
"Ref_20",1898,"Tgav",0.223150560895987,"degC","ECS_4.5"
"Ref_20",1899,"Tgav",0.245671781797412,"degC","ECS_4.5"
"Ref_20",1900,"Tgav",0.270447335054147,"degC","ECS_4.5"
"Ref_20",1901,"Tgav",0.290873237558818,"degC","ECS_4.5"
"Ref_20",1902,"Tgav",0.269116968825512,"degC","ECS_4.5"
"Ref_20",1903,"Tgav",0.215177453699826,"degC","ECS_4.5"
"Ref_20",1904,"Tgav",0.198497763517473,"degC","ECS_4.5"
"Ref_20",1905,"Tgav",0.223087538224906,"degC","ECS_4.5"
"Ref_20",1906,"Tgav",0.254910990229357,"degC","ECS_4.5"
"Ref_20",1907,"Tgav",0.278253427614047,"degC","ECS_4.5"
"Ref_20",1908,"Tgav",0.297915002948118,"degC","ECS_4.5"
"Ref_20",1909,"Tgav",0.320786500683242,"degC","ECS_4.5"
"Ref_20",1910,"Tgav",0.344233294832817,"degC","ECS_4.5"
"Ref_20",1911,"Tgav",0.365267613635865,"degC","ECS_4.5"
"Ref_20",1912,"Tgav",0.362392650537972,"degC","ECS_4.5"
"Ref_20",1913,"Tgav",0.350458219483571,"degC","ECS_4.5"
"Ref_20",1914,"Tgav",0.361721887450298,"degC","ECS_4.5"
"Ref_20",1915,"Tgav",0.384307197080174,"degC","ECS_4.5"
"Ref_20",1916,"Tgav",0.406652910372081,"degC","ECS_4.5"
"Ref_20",1917,"Tgav",0.426465511027069,"degC","ECS_4.5"
"Ref_20",1918,"Tgav",0.444338126403491,"degC","ECS_4.5"
"Ref_20",1919,"Tgav",0.459816752943473,"degC","ECS_4.5"
"Ref_20",1920,"Tgav",0.466633596101608,"degC","ECS_4.5"
"Ref_20",1921,"Tgav",0.471728335800892,"degC","ECS_4.5"
"Ref_20",1922,"Tgav",0.485196979952044,"degC","ECS_4.5"
"Ref_20",1923,"Tgav",0.500326824848684,"degC","ECS_4.5"
"Ref_20",1924,"Tgav",0.51273245997693,"degC","ECS_4.5"
"Ref_20",1925,"Tgav",0.523987376509382,"degC","ECS_4.5"
"Ref_20",1926,"Tgav",0.535337728139472,"degC","ECS_4.5"
"Ref_20",1927,"Tgav",0.545967072349048,"degC","ECS_4.5"
"Ref_20",1928,"Tgav",0.551786222268102,"degC","ECS_4.5"
"Ref_20",1929,"Tgav",0.553396408492012,"degC","ECS_4.5"
"Ref_20",1930,"Tgav",0.558489091817022,"degC","ECS_4.5"
"Ref_20",1931,"Tgav",0.567061758544043,"degC","ECS_4.5"
"Ref_20",1932,"Tgav",0.573035664554218,"degC","ECS_4.5"
"Ref_20",1933,"Tgav",0.57974203212394,"degC","ECS_4.5"
"Ref_20",1934,"Tgav",0.59010502058185,"degC","ECS_4.5"
"Ref_20",1935,"Tgav",0.600813038085096,"degC","ECS_4.5"
"Ref_20",1936,"Tgav",0.611766866302198,"degC","ECS_4.5"
"Ref_20",1937,"Tgav",0.621994902139458,"degC","ECS_4.5"
"Ref_20",1938,"Tgav",0.630327433692306,"degC","ECS_4.5"
"Ref_20",1939,"Tgav",0.638563114979802,"degC","ECS_4.5"
"Ref_20",1940,"Tgav",0.648624470669479,"degC","ECS_4.5"
"Ref_20",1941,"Tgav",0.659583844077308,"degC","ECS_4.5"
"Ref_20",1942,"Tgav",0.668423802395642,"degC","ECS_4.5"
"Ref_20",1943,"Tgav",0.676784040502943,"degC","ECS_4.5"
"Ref_20",1944,"Tgav",0.687543514531912,"degC","ECS_4.5"
"Ref_20",1945,"Tgav",0.699363084174197,"degC","ECS_4.5"
"Ref_20",1946,"Tgav",0.711412149403982,"degC","ECS_4.5"
"Ref_20",1947,"Tgav",0.722267683698596,"degC","ECS_4.5"
"Ref_20",1948,"Tgav",0.732753120860881,"degC","ECS_4.5"
"Ref_20",1949,"Tgav",0.742712758156948,"degC","ECS_4.5"
"Ref_20",1950,"Tgav",0.752671296360197,"degC","ECS_4.5"
"Ref_20",1951,"Tgav",0.763529580041216,"degC","ECS_4.5"
"Ref_20",1952,"Tgav",0.77455316038237,"degC","ECS_4.5"
"Ref_20",1953,"Tgav",0.785531656894105,"degC","ECS_4.5"
"Ref_20",1954,"Tgav",0.797779590112146,"degC","ECS_4.5"
"Ref_20",1955,"Tgav",0.81275209962519,"degC","ECS_4.5"
"Ref_20",1956,"Tgav",0.829251430192456,"degC","ECS_4.5"
"Ref_20",1957,"Tgav",0.846793255191597,"degC","ECS_4.5"
"Ref_20",1958,"Tgav",0.864867717805886,"degC","ECS_4.5"
"Ref_20",1959,"Tgav",0.882681770908317,"degC","ECS_4.5"
"Ref_20",1960,"Tgav",0.894072609849616,"degC","ECS_4.5"
"Ref_20",1961,"Tgav",0.89846037315702,"degC","ECS_4.5"
"Ref_20",1962,"Tgav",0.898936479710045,"degC","ECS_4.5"
"Ref_20",1963,"Tgav",0.860874051121969,"degC","ECS_4.5"
"Ref_20",1964,"Tgav",0.799371707637648,"degC","ECS_4.5"
"Ref_20",1965,"Tgav",0.781415429811962,"degC","ECS_4.5"
"Ref_20",1966,"Tgav",0.809027361926566,"degC","ECS_4.5"
"Ref_20",1967,"Tgav",0.847828886032559,"degC","ECS_4.5"
"Ref_20",1968,"Tgav",0.863382663767843,"degC","ECS_4.5"
"Ref_20",1969,"Tgav",0.869376548566213,"degC","ECS_4.5"
"Ref_20",1970,"Tgav",0.898679064318472,"degC","ECS_4.5"
"Ref_20",1971,"Tgav",0.943913983838733,"degC","ECS_4.5"
"Ref_20",1972,"Tgav",0.988625976767458,"degC","ECS_4.5"
"Ref_20",1973,"Tgav",1.02435019852958,"degC","ECS_4.5"
"Ref_20",1974,"Tgav",1.04430062259157,"degC","ECS_4.5"
"Ref_20",1975,"Tgav",1.05578417626317,"degC","ECS_4.5"
"Ref_20",1976,"Tgav",1.08130694639635,"degC","ECS_4.5"
"Ref_20",1977,"Tgav",1.12243515964035,"degC","ECS_4.5"
"Ref_20",1978,"Tgav",1.15984771181808,"degC","ECS_4.5"
"Ref_20",1979,"Tgav",1.19333815458157,"degC","ECS_4.5"
"Ref_20",1980,"Tgav",1.23072093069558,"degC","ECS_4.5"
"Ref_20",1981,"Tgav",1.26054200342458,"degC","ECS_4.5"
"Ref_20",1982,"Tgav",1.23005456775705,"degC","ECS_4.5"
"Ref_20",1983,"Tgav",1.18072024080925,"degC","ECS_4.5"
"Ref_20",1984,"Tgav",1.19614933860716,"degC","ECS_4.5"
"Ref_20",1985,"Tgav",1.2463848847422,"degC","ECS_4.5"
"Ref_20",1986,"Tgav",1.29687199800077,"degC","ECS_4.5"
"Ref_20",1987,"Tgav",1.34308130724691,"degC","ECS_4.5"
"Ref_20",1988,"Tgav",1.38782454937973,"degC","ECS_4.5"
"Ref_20",1989,"Tgav",1.43087557183362,"degC","ECS_4.5"
"Ref_20",1990,"Tgav",1.46769470397945,"degC","ECS_4.5"
"Ref_20",1991,"Tgav",1.41880183714201,"degC","ECS_4.5"
"Ref_20",1992,"Tgav",1.32594694431845,"degC","ECS_4.5"
"Ref_20",1993,"Tgav",1.31887830494147,"degC","ECS_4.5"
"Ref_20",1994,"Tgav",1.37616962650697,"degC","ECS_4.5"
"Ref_20",1995,"Tgav",1.44457731961518,"degC","ECS_4.5"
"Ref_20",1996,"Tgav",1.50645928857292,"degC","ECS_4.5"
"Ref_20",1997,"Tgav",1.56404086245974,"degC","ECS_4.5"
"Ref_20",1998,"Tgav",1.61589719174984,"degC","ECS_4.5"
"Ref_20",1999,"Tgav",1.66215454870939,"degC","ECS_4.5"
"Ref_20",2000,"Tgav",1.70434614589731,"degC","ECS_4.5"
"Ref_20",2001,"Tgav",1.74409044694336,"degC","ECS_4.5"
"Ref_20",2002,"Tgav",1.78271683365772,"degC","ECS_4.5"
"Ref_20",2003,"Tgav",1.81949875725409,"degC","ECS_4.5"
"Ref_20",2004,"Tgav",1.85590448571454,"degC","ECS_4.5"
"Ref_20",2005,"Tgav",1.88823228973799,"degC","ECS_4.5"
"Ref_20",2006,"Tgav",1.90986843119414,"degC","ECS_4.5"
"Ref_20",2007,"Tgav",1.92683056241773,"degC","ECS_4.5"
"Ref_20",2008,"Tgav",1.94687164121037,"degC","ECS_4.5"
"Ref_20",2009,"Tgav",1.96981698934002,"degC","ECS_4.5"
"Ref_20",2010,"Tgav",1.99468212821255,"degC","ECS_4.5"
"Ref_20",2011,"Tgav",2.02056276935077,"degC","ECS_4.5"
"Ref_20",2012,"Tgav",2.04667458111116,"degC","ECS_4.5"
"Ref_20",2013,"Tgav",2.07251135703349,"degC","ECS_4.5"
"Ref_20",2014,"Tgav",2.09819508917776,"degC","ECS_4.5"
"Ref_20",2015,"Tgav",2.12390705103501,"degC","ECS_4.5"
"Ref_20",2016,"Tgav",2.14984062150706,"degC","ECS_4.5"
"Ref_20",2017,"Tgav",2.17618445100994,"degC","ECS_4.5"
"Ref_20",2018,"Tgav",2.20307046814818,"degC","ECS_4.5"
"Ref_20",2019,"Tgav",2.23052454681828,"degC","ECS_4.5"
"Ref_20",2020,"Tgav",2.25856187179663,"degC","ECS_4.5"
"Ref_20",2021,"Tgav",2.28736826924109,"degC","ECS_4.5"
"Ref_20",2022,"Tgav",2.31694257918388,"degC","ECS_4.5"
"Ref_20",2023,"Tgav",2.34726062183818,"degC","ECS_4.5"
"Ref_20",2024,"Tgav",2.37832343981758,"degC","ECS_4.5"
"Ref_20",2025,"Tgav",2.41013184879104,"degC","ECS_4.5"
"Ref_20",2026,"Tgav",2.44269535891821,"degC","ECS_4.5"
"Ref_20",2027,"Tgav",2.47601731833394,"degC","ECS_4.5"
"Ref_20",2028,"Tgav",2.51007054242578,"degC","ECS_4.5"
"Ref_20",2029,"Tgav",2.54481625501887,"degC","ECS_4.5"
"Ref_20",2030,"Tgav",2.58022156431406,"degC","ECS_4.5"
"Ref_20",2031,"Tgav",2.6162722162134,"degC","ECS_4.5"
"Ref_20",2032,"Tgav",2.65296836574769,"degC","ECS_4.5"
"Ref_20",2033,"Tgav",2.69030531599912,"degC","ECS_4.5"
"Ref_20",2034,"Tgav",2.72822739823128,"degC","ECS_4.5"
"Ref_20",2035,"Tgav",2.76668493009635,"degC","ECS_4.5"
"Ref_20",2036,"Tgav",2.80564653961385,"degC","ECS_4.5"
"Ref_20",2037,"Tgav",2.84504775591569,"degC","ECS_4.5"
"Ref_20",2038,"Tgav",2.88483529828501,"degC","ECS_4.5"
"Ref_20",2039,"Tgav",2.92498234131503,"degC","ECS_4.5"
"Ref_20",2040,"Tgav",2.96546858398955,"degC","ECS_4.5"
"Ref_20",2041,"Tgav",3.00630001743111,"degC","ECS_4.5"
"Ref_20",2042,"Tgav",3.047426052915,"degC","ECS_4.5"
"Ref_20",2043,"Tgav",3.08880165984279,"degC","ECS_4.5"
"Ref_20",2044,"Tgav",3.13042658354596,"degC","ECS_4.5"
"Ref_20",2045,"Tgav",3.17230213879916,"degC","ECS_4.5"
"Ref_20",2046,"Tgav",3.2144188191863,"degC","ECS_4.5"
"Ref_20",2047,"Tgav",3.25675810146594,"degC","ECS_4.5"
"Ref_20",2048,"Tgav",3.29930454543105,"degC","ECS_4.5"
"Ref_20",2049,"Tgav",3.34206994799029,"degC","ECS_4.5"
"Ref_20",2050,"Tgav",3.38506382260679,"degC","ECS_4.5"
"Ref_20",2051,"Tgav",3.42831111223436,"degC","ECS_4.5"
"Ref_20",2052,"Tgav",3.4717323506226,"degC","ECS_4.5"
"Ref_20",2053,"Tgav",3.51525927009377,"degC","ECS_4.5"
"Ref_20",2054,"Tgav",3.5588885745855,"degC","ECS_4.5"
"Ref_20",2055,"Tgav",3.6026233846454,"degC","ECS_4.5"
"Ref_20",2056,"Tgav",3.6464329860816,"degC","ECS_4.5"
"Ref_20",2057,"Tgav",3.69030188878441,"degC","ECS_4.5"
"Ref_20",2058,"Tgav",3.73422201820639,"degC","ECS_4.5"
"Ref_20",2059,"Tgav",3.77819521973956,"degC","ECS_4.5"
"Ref_20",2060,"Tgav",3.82222427869157,"degC","ECS_4.5"
"Ref_20",2061,"Tgav",3.86634066795596,"degC","ECS_4.5"
"Ref_20",2062,"Tgav",3.91053974986749,"degC","ECS_4.5"
"Ref_20",2063,"Tgav",3.95481372009429,"degC","ECS_4.5"
"Ref_20",2064,"Tgav",3.99916837866271,"degC","ECS_4.5"
"Ref_20",2065,"Tgav",4.04360944127963,"degC","ECS_4.5"
"Ref_20",2066,"Tgav",4.08813964065786,"degC","ECS_4.5"
"Ref_20",2067,"Tgav",4.13276152003264,"degC","ECS_4.5"
"Ref_20",2068,"Tgav",4.17747700457016,"degC","ECS_4.5"
"Ref_20",2069,"Tgav",4.22228610188699,"degC","ECS_4.5"
"Ref_20",2070,"Tgav",4.26718865619284,"degC","ECS_4.5"
"Ref_20",2071,"Tgav",4.31218013430264,"degC","ECS_4.5"
"Ref_20",2072,"Tgav",4.35725533155197,"degC","ECS_4.5"
"Ref_20",2073,"Tgav",4.40241037834789,"degC","ECS_4.5"
"Ref_20",2074,"Tgav",4.44764119832879,"degC","ECS_4.5"
"Ref_20",2075,"Tgav",4.49294492245621,"degC","ECS_4.5"
"Ref_20",2076,"Tgav",4.53833515502235,"degC","ECS_4.5"
"Ref_20",2077,"Tgav",4.58381194203338,"degC","ECS_4.5"
"Ref_20",2078,"Tgav",4.6293727910577,"degC","ECS_4.5"
"Ref_20",2079,"Tgav",4.67501390933253,"degC","ECS_4.5"
"Ref_20",2080,"Tgav",4.72073234272299,"degC","ECS_4.5"
"Ref_20",2081,"Tgav",4.76650766818633,"degC","ECS_4.5"
"Ref_20",2082,"Tgav",4.81231653294413,"degC","ECS_4.5"
"Ref_20",2083,"Tgav",4.85814250059627,"degC","ECS_4.5"
"Ref_20",2084,"Tgav",4.90397635039983,"degC","ECS_4.5"
"Ref_20",2085,"Tgav",4.94981204989854,"degC","ECS_4.5"
"Ref_20",2086,"Tgav",4.99565971386837,"degC","ECS_4.5"
"Ref_20",2087,"Tgav",5.04151926650151,"degC","ECS_4.5"
"Ref_20",2088,"Tgav",5.08738982501162,"degC","ECS_4.5"
"Ref_20",2089,"Tgav",5.13327022820213,"degC","ECS_4.5"
"Ref_20",2090,"Tgav",5.17915970784552,"degC","ECS_4.5"
"Ref_20",2091,"Tgav",5.22497883132613,"degC","ECS_4.5"
"Ref_20",2092,"Tgav",5.27071313275201,"degC","ECS_4.5"
"Ref_20",2093,"Tgav",5.31636218902098,"degC","ECS_4.5"
"Ref_20",2094,"Tgav",5.36192435364245,"degC","ECS_4.5"
"Ref_20",2095,"Tgav",5.40739864513917,"degC","ECS_4.5"
"Ref_20",2096,"Tgav",5.45298544336055,"degC","ECS_4.5"
"Ref_20",2097,"Tgav",5.49871924050942,"degC","ECS_4.5"
"Ref_20",2098,"Tgav",5.54460065515431,"degC","ECS_4.5"
"Ref_20",2099,"Tgav",5.59063175169862,"degC","ECS_4.5"
"Ref_20",2100,"Tgav",5.63681434570968,"degC","ECS_4.5"
"Ref_20",1850,"Tgav",0.132305411476475,"degC","ECS_6"
"Ref_20",1851,"Tgav",0.141277694817938,"degC","ECS_6"
"Ref_20",1852,"Tgav",0.151537990368744,"degC","ECS_6"
"Ref_20",1853,"Tgav",0.162768643925723,"degC","ECS_6"
"Ref_20",1854,"Tgav",0.174074338062964,"degC","ECS_6"
"Ref_20",1855,"Tgav",0.17304767525734,"degC","ECS_6"
"Ref_20",1856,"Tgav",0.131691526422796,"degC","ECS_6"
"Ref_20",1857,"Tgav",0.0729504905975628,"degC","ECS_6"
"Ref_20",1858,"Tgav",0.0535795442883109,"degC","ECS_6"
"Ref_20",1859,"Tgav",0.0720947945882542,"degC","ECS_6"
"Ref_20",1860,"Tgav",0.100376468017575,"degC","ECS_6"
"Ref_20",1861,"Tgav",0.12177463955832,"degC","ECS_6"
"Ref_20",1862,"Tgav",0.130587205740531,"degC","ECS_6"
"Ref_20",1863,"Tgav",0.1380433863809,"degC","ECS_6"
"Ref_20",1864,"Tgav",0.152381472254003,"degC","ECS_6"
"Ref_20",1865,"Tgav",0.169697544755528,"degC","ECS_6"
"Ref_20",1866,"Tgav",0.186342046191935,"degC","ECS_6"
"Ref_20",1867,"Tgav",0.20134409084166,"degC","ECS_6"
"Ref_20",1868,"Tgav",0.214432167409147,"degC","ECS_6"
"Ref_20",1869,"Tgav",0.225144499247985,"degC","ECS_6"
"Ref_20",1870,"Tgav",0.234301987372327,"degC","ECS_6"
"Ref_20",1871,"Tgav",0.242852429575616,"degC","ECS_6"
"Ref_20",1872,"Tgav",0.249907453959596,"degC","ECS_6"
"Ref_20",1873,"Tgav",0.2555765630951,"degC","ECS_6"
"Ref_20",1874,"Tgav",0.262143813223584,"degC","ECS_6"
"Ref_20",1875,"Tgav",0.268362757177364,"degC","ECS_6"
"Ref_20",1876,"Tgav",0.271068512051715,"degC","ECS_6"
"Ref_20",1877,"Tgav",0.273881847289489,"degC","ECS_6"
"Ref_20",1878,"Tgav",0.280525507985022,"degC","ECS_6"
"Ref_20",1879,"Tgav",0.28960605845193,"degC","ECS_6"
"Ref_20",1880,"Tgav",0.299669948095279,"degC","ECS_6"
"Ref_20",1881,"Tgav",0.309962638492275,"degC","ECS_6"
"Ref_20",1882,"Tgav",0.309967152863945,"degC","ECS_6"
"Ref_20",1883,"Tgav",0.229624770868141,"degC","ECS_6"
"Ref_20",1884,"Tgav",0.0923991022905825,"degC","ECS_6"
"Ref_20",1885,"Tgav",0.0315783833695677,"degC","ECS_6"
"Ref_20",1886,"Tgav",0.0368732306860267,"degC","ECS_6"
"Ref_20",1887,"Tgav",0.0554940015309817,"degC","ECS_6"
"Ref_20",1888,"Tgav",0.077987967527733,"degC","ECS_6"
"Ref_20",1889,"Tgav",0.0892603871356015,"degC","ECS_6"
"Ref_20",1890,"Tgav",0.0916580274676642,"degC","ECS_6"
"Ref_20",1891,"Tgav",0.099293319000389,"degC","ECS_6"
"Ref_20",1892,"Tgav",0.122121043759804,"degC","ECS_6"
"Ref_20",1893,"Tgav",0.155657256884404,"degC","ECS_6"
"Ref_20",1894,"Tgav",0.193781128257501,"degC","ECS_6"
"Ref_20",1895,"Tgav",0.225106628087446,"degC","ECS_6"
"Ref_20",1896,"Tgav",0.238061216185654,"degC","ECS_6"
"Ref_20",1897,"Tgav",0.241280024828958,"degC","ECS_6"
"Ref_20",1898,"Tgav",0.254452376871102,"degC","ECS_6"
"Ref_20",1899,"Tgav",0.278432681805911,"degC","ECS_6"
"Ref_20",1900,"Tgav",0.305002495082785,"degC","ECS_6"
"Ref_20",1901,"Tgav",0.327409223130094,"degC","ECS_6"
"Ref_20",1902,"Tgav",0.307384341671866,"degC","ECS_6"
"Ref_20",1903,"Tgav",0.253814646313357,"degC","ECS_6"
"Ref_20",1904,"Tgav",0.236466544313557,"degC","ECS_6"
"Ref_20",1905,"Tgav",0.261068326115594,"degC","ECS_6"
"Ref_20",1906,"Tgav",0.293922275388436,"degC","ECS_6"
"Ref_20",1907,"Tgav",0.318758928464074,"degC","ECS_6"
"Ref_20",1908,"Tgav",0.340030862243508,"degC","ECS_6"
"Ref_20",1909,"Tgav",0.364657452525421,"degC","ECS_6"
"Ref_20",1910,"Tgav",0.390094135057357,"degC","ECS_6"
"Ref_20",1911,"Tgav",0.413267355868175,"degC","ECS_6"
"Ref_20",1912,"Tgav",0.412439488465381,"degC","ECS_6"
"Ref_20",1913,"Tgav",0.401888239774345,"degC","ECS_6"
"Ref_20",1914,"Tgav",0.414272778657202,"degC","ECS_6"
"Ref_20",1915,"Tgav",0.438474551969566,"degC","ECS_6"
"Ref_20",1916,"Tgav",0.462784231958127,"degC","ECS_6"
"Ref_20",1917,"Tgav",0.484721596249908,"degC","ECS_6"
"Ref_20",1918,"Tgav",0.504795380384077,"degC","ECS_6"
"Ref_20",1919,"Tgav",0.522510468922714,"degC","ECS_6"
"Ref_20",1920,"Tgav",0.531504135359408,"degC","ECS_6"
"Ref_20",1921,"Tgav",0.53854624051133,"degC","ECS_6"
"Ref_20",1922,"Tgav",0.55391400958364,"degC","ECS_6"
"Ref_20",1923,"Tgav",0.571125300566642,"degC","ECS_6"
"Ref_20",1924,"Tgav",0.585670689504749,"degC","ECS_6"
"Ref_20",1925,"Tgav",0.599039502464936,"degC","ECS_6"
"Ref_20",1926,"Tgav",0.612496396289534,"degC","ECS_6"
"Ref_20",1927,"Tgav",0.625236755742593,"degC","ECS_6"
"Ref_20",1928,"Tgav",0.633121001127506,"degC","ECS_6"
"Ref_20",1929,"Tgav",0.636628895647385,"degC","ECS_6"
"Ref_20",1930,"Tgav",0.643474171703689,"degC","ECS_6"
"Ref_20",1931,"Tgav",0.65383759753214,"degC","ECS_6"
"Ref_20",1932,"Tgav",0.661644110444002,"degC","ECS_6"
"Ref_20",1933,"Tgav",0.670122598166456,"degC","ECS_6"
"Ref_20",1934,"Tgav",0.682292848421454,"degC","ECS_6"
"Ref_20",1935,"Tgav",0.69490870974103,"degC","ECS_6"
"Ref_20",1936,"Tgav",0.707815402669885,"degC","ECS_6"
"Ref_20",1937,"Tgav",0.720037295950188,"degC","ECS_6"
"Ref_20",1938,"Tgav",0.730363496989847,"degC","ECS_6"
"Ref_20",1939,"Tgav",0.740559552336619,"degC","ECS_6"
"Ref_20",1940,"Tgav",0.752591047297835,"degC","ECS_6"
"Ref_20",1941,"Tgav",0.765577642633972,"degC","ECS_6"
"Ref_20",1942,"Tgav",0.776475401263687,"degC","ECS_6"
"Ref_20",1943,"Tgav",0.786858165057627,"degC","ECS_6"
"Ref_20",1944,"Tgav",0.799648935942342,"degC","ECS_6"
"Ref_20",1945,"Tgav",0.813574963949333,"degC","ECS_6"
"Ref_20",1946,"Tgav",0.82778797022648,"degC","ECS_6"
"Ref_20",1947,"Tgav",0.840844572833637,"degC","ECS_6"
"Ref_20",1948,"Tgav",0.853530264866678,"degC","ECS_6"
"Ref_20",1949,"Tgav",0.865695941222591,"degC","ECS_6"
"Ref_20",1950,"Tgav",0.877857843648263,"degC","ECS_6"
"Ref_20",1951,"Tgav",0.890933152124958,"degC","ECS_6"
"Ref_20",1952,"Tgav",0.904208198485164,"degC","ECS_6"
"Ref_20",1953,"Tgav",0.917459664947691,"degC","ECS_6"
"Ref_20",1954,"Tgav",0.932007959844195,"degC","ECS_6"
"Ref_20",1955,"Tgav",0.949355274323604,"degC","ECS_6"
"Ref_20",1956,"Tgav",0.968350197426076,"degC","ECS_6"
"Ref_20",1957,"Tgav",0.98849735529459,"degC","ECS_6"
"Ref_20",1958,"Tgav",1.00928259916471,"degC","ECS_6"
"Ref_20",1959,"Tgav",1.02989592058003,"degC","ECS_6"
"Ref_20",1960,"Tgav",1.04410648792279,"degC","ECS_6"
"Ref_20",1961,"Tgav",1.05113867002349,"degC","ECS_6"
"Ref_20",1962,"Tgav",1.05401522099352,"degC","ECS_6"
"Ref_20",1963,"Tgav",1.01787958388127,"degC","ECS_6"
"Ref_20",1964,"Tgav",0.956881207732428,"degC","ECS_6"
"Ref_20",1965,"Tgav",0.938537068895364,"degC","ECS_6"
"Ref_20",1966,"Tgav",0.966612530048526,"degC","ECS_6"
"Ref_20",1967,"Tgav",1.00708780741064,"degC","ECS_6"
"Ref_20",1968,"Tgav",1.02486343955263,"degC","ECS_6"
"Ref_20",1969,"Tgav",1.03282157319576,"degC","ECS_6"
"Ref_20",1970,"Tgav",1.06414015288399,"degC","ECS_6"
"Ref_20",1971,"Tgav",1.11217826740353,"degC","ECS_6"
"Ref_20",1972,"Tgav",1.16038554147826,"degC","ECS_6"
"Ref_20",1973,"Tgav",1.19993809481174,"degC","ECS_6"
"Ref_20",1974,"Tgav",1.22370591455481,"degC","ECS_6"
"Ref_20",1975,"Tgav",1.23869393597633,"degC","ECS_6"
"Ref_20",1976,"Tgav",1.26757700550913,"degC","ECS_6"
"Ref_20",1977,"Tgav",1.31249075258863,"degC","ECS_6"
"Ref_20",1978,"Tgav",1.35418763458334,"degC","ECS_6"
"Ref_20",1979,"Tgav",1.39208379527193,"degC","ECS_6"
"Ref_20",1980,"Tgav",1.43399441927514,"degC","ECS_6"
"Ref_20",1981,"Tgav",1.46853463133621,"degC","ECS_6"
"Ref_20",1982,"Tgav",1.44227829567691,"degC","ECS_6"
"Ref_20",1983,"Tgav",1.39533925620041,"degC","ECS_6"
"Ref_20",1984,"Tgav",1.41249053905402,"degC","ECS_6"
"Ref_20",1985,"Tgav",1.46581386661539,"degC","ECS_6"
"Ref_20",1986,"Tgav",1.52042358716296,"degC","ECS_6"
"Ref_20",1987,"Tgav",1.57123905331059,"degC","ECS_6"
"Ref_20",1988,"Tgav",1.62090825996944,"degC","ECS_6"
"Ref_20",1989,"Tgav",1.66915192639588,"degC","ECS_6"
"Ref_20",1990,"Tgav",1.71132190083098,"degC","ECS_6"
"Ref_20",1991,"Tgav",1.66720167689419,"degC","ECS_6"
"Ref_20",1992,"Tgav",1.57640026496263,"degC","ECS_6"
"Ref_20",1993,"Tgav",1.56989771627639,"degC","ECS_6"
"Ref_20",1994,"Tgav",1.62944963418628,"degC","ECS_6"
"Ref_20",1995,"Tgav",1.70186216722839,"degC","ECS_6"
"Ref_20",1996,"Tgav",1.76869596689964,"degC","ECS_6"
"Ref_20",1997,"Tgav",1.83174965635374,"degC","ECS_6"
"Ref_20",1998,"Tgav",1.88945140596081,"degC","ECS_6"
"Ref_20",1999,"Tgav",1.94173989714046,"degC","ECS_6"
"Ref_20",2000,"Tgav",1.99004590515869,"degC","ECS_6"
"Ref_20",2001,"Tgav",2.03594677713869,"degC","ECS_6"
"Ref_20",2002,"Tgav",2.08076582281873,"degC","ECS_6"
"Ref_20",2003,"Tgav",2.12377823587054,"degC","ECS_6"
"Ref_20",2004,"Tgav",2.16642811204312,"degC","ECS_6"
"Ref_20",2005,"Tgav",2.20501220623679,"degC","ECS_6"
"Ref_20",2006,"Tgav",2.23275763804734,"degC","ECS_6"
"Ref_20",2007,"Tgav",2.25549064057521,"degC","ECS_6"
"Ref_20",2008,"Tgav",2.28108560746505,"degC","ECS_6"
"Ref_20",2009,"Tgav",2.30955196301243,"degC","ECS_6"
"Ref_20",2010,"Tgav",2.33995143918227,"degC","ECS_6"
"Ref_20",2011,"Tgav",2.37140169020051,"degC","ECS_6"
"Ref_20",2012,"Tgav",2.40312318782699,"degC","ECS_6"
"Ref_20",2013,"Tgav",2.4346023095015,"degC","ECS_6"
"Ref_20",2014,"Tgav",2.46594828465945,"degC","ECS_6"
"Ref_20",2015,"Tgav",2.4973398054263,"degC","ECS_6"
"Ref_20",2016,"Tgav",2.52897325777005,"degC","ECS_6"
"Ref_20",2017,"Tgav",2.561043174322,"degC","ECS_6"
"Ref_20",2018,"Tgav",2.59368943853869,"degC","ECS_6"
"Ref_20",2019,"Tgav",2.62694650544756,"degC","ECS_6"
"Ref_20",2020,"Tgav",2.66083597903948,"degC","ECS_6"
"Ref_20",2021,"Tgav",2.69555053638402,"degC","ECS_6"
"Ref_20",2022,"Tgav",2.73109918383619,"degC","ECS_6"
"Ref_20",2023,"Tgav",2.76746350821165,"degC","ECS_6"
"Ref_20",2024,"Tgav",2.80464914792804,"degC","ECS_6"
"Ref_20",2025,"Tgav",2.8426612183761,"degC","ECS_6"
"Ref_20",2026,"Tgav",2.88151311520456,"degC","ECS_6"
"Ref_20",2027,"Tgav",2.921212113864,"degC","ECS_6"
"Ref_20",2028,"Tgav",2.96173466670795,"degC","ECS_6"
"Ref_20",2029,"Tgav",3.00304450580791,"degC","ECS_6"
"Ref_20",2030,"Tgav",3.0451102847848,"degC","ECS_6"
"Ref_20",2031,"Tgav",3.08791886613021,"degC","ECS_6"
"Ref_20",2032,"Tgav",3.13147089693674,"degC","ECS_6"
"Ref_20",2033,"Tgav",3.17576242589202,"degC","ECS_6"
"Ref_20",2034,"Tgav",3.22073890489943,"degC","ECS_6"
"Ref_20",2035,"Tgav",3.26635026534392,"degC","ECS_6"
"Ref_20",2036,"Tgav",3.31256434132779,"degC","ECS_6"
"Ref_20",2037,"Tgav",3.35931576694284,"degC","ECS_6"
"Ref_20",2038,"Tgav",3.40654914092904,"degC","ECS_6"
"Ref_20",2039,"Tgav",3.45423521297783,"degC","ECS_6"
"Ref_20",2040,"Tgav",3.50235164244271,"degC","ECS_6"
"Ref_20",2041,"Tgav",3.5509027235442,"degC","ECS_6"
"Ref_20",2042,"Tgav",3.59983716513022,"degC","ECS_6"
"Ref_20",2043,"Tgav",3.64910777817569,"degC","ECS_6"
"Ref_20",2044,"Tgav",3.69871158912047,"degC","ECS_6"
"Ref_20",2045,"Tgav",3.74864815183857,"degC","ECS_6"
"Ref_20",2046,"Tgav",3.79890644869093,"degC","ECS_6"
"Ref_20",2047,"Tgav",3.84946681470367,"degC","ECS_6"
"Ref_20",2048,"Tgav",3.90031243847764,"degC","ECS_6"
"Ref_20",2049,"Tgav",3.95145340438119,"degC","ECS_6"
"Ref_20",2050,"Tgav",4.0028982550438,"degC","ECS_6"
"Ref_20",2051,"Tgav",4.05467132623022,"degC","ECS_6"
"Ref_20",2052,"Tgav",4.10669338464142,"degC","ECS_6"
"Ref_20",2053,"Tgav",4.158893619261,"degC","ECS_6"
"Ref_20",2054,"Tgav",4.2112651961075,"degC","ECS_6"
"Ref_20",2055,"Tgav",4.26380890509532,"degC","ECS_6"
"Ref_20",2056,"Tgav",4.31649191623097,"degC","ECS_6"
"Ref_20",2057,"Tgav",4.36929624264176,"degC","ECS_6"
"Ref_20",2058,"Tgav",4.42221168538956,"degC","ECS_6"
"Ref_20",2059,"Tgav",4.47523804229962,"degC","ECS_6"
"Ref_20",2060,"Tgav",4.52837644843623,"degC","ECS_6"
"Ref_20",2061,"Tgav",4.58165716537414,"degC","ECS_6"
"Ref_20",2062,"Tgav",4.63507538028494,"degC","ECS_6"
"Ref_20",2063,"Tgav",4.68862244509964,"degC","ECS_6"
"Ref_20",2064,"Tgav",4.74230308408876,"degC","ECS_6"
"Ref_20",2065,"Tgav",4.79612225510818,"degC","ECS_6"
"Ref_20",2066,"Tgav",4.85008203846009,"degC","ECS_6"
"Ref_20",2067,"Tgav",4.90418432964499,"degC","ECS_6"
"Ref_20",2068,"Tgav",4.95843047087425,"degC","ECS_6"
"Ref_20",2069,"Tgav",5.0128199464002,"degC","ECS_6"
"Ref_20",2070,"Tgav",5.06735205544315,"degC","ECS_6"
"Ref_20",2071,"Tgav",5.12202169166856,"degC","ECS_6"
"Ref_20",2072,"Tgav",5.17682291681479,"degC","ECS_6"
"Ref_20",2073,"Tgav",5.23175108959591,"degC","ECS_6"
"Ref_20",2074,"Tgav",5.28680139858594,"degC","ECS_6"
"Ref_20",2075,"Tgav",5.3419702198659,"degC","ECS_6"
"Ref_20",2076,"Tgav",5.39727053064221,"degC","ECS_6"
"Ref_20",2077,"Tgav",5.45270208361551,"degC","ECS_6"
"Ref_20",2078,"Tgav",5.50826186109124,"degC","ECS_6"
"Ref_20",2079,"Tgav",5.56394556805049,"degC","ECS_6"
"Ref_20",2080,"Tgav",5.61974967921662,"degC","ECS_6"
"Ref_20",2081,"Tgav",5.67565305852441,"degC","ECS_6"
"Ref_20",2082,"Tgav",5.7316311251763,"degC","ECS_6"
"Ref_20",2083,"Tgav",5.78766597235216,"degC","ECS_6"
"Ref_20",2084,"Tgav",5.84374687431817,"degC","ECS_6"
"Ref_20",2085,"Tgav",5.89986640855957,"degC","ECS_6"
"Ref_20",2086,"Tgav",5.95603349865963,"degC","ECS_6"
"Ref_20",2087,"Tgav",6.0122472723488,"degC","ECS_6"
"Ref_20",2088,"Tgav",6.06850593817841,"degC","ECS_6"
"Ref_20",2089,"Tgav",6.12480754393862,"degC","ECS_6"
"Ref_20",2090,"Tgav",6.18115057084655,"degC","ECS_6"
"Ref_20",2091,"Tgav",6.23745432761527,"degC","ECS_6"
"Ref_20",2092,"Tgav",6.29370121648993,"degC","ECS_6"
"Ref_20",2093,"Tgav",6.34988890591798,"degC","ECS_6"
"Ref_20",2094,"Tgav",6.40601411805869,"degC","ECS_6"
"Ref_20",2095,"Tgav",6.4620744007003,"degC","ECS_6"
"Ref_20",2096,"Tgav",6.51827020447046,"degC","ECS_6"
"Ref_20",2097,"Tgav",6.57464094689801,"degC","ECS_6"
"Ref_20",2098,"Tgav",6.63118918806994,"degC","ECS_6"
"Ref_20",2099,"Tgav",6.68791848345012,"degC","ECS_6"
"Ref_20",2100,"Tgav",6.74483181006804,"degC","ECS_6"
